kód SOORP;název SO ORP;"Počet obyvatel
(k 31.12.)";Přirozený přírůstek;Saldo migrace;"Podíl obyvatel ve věku
0-14 na celkovém počtu obyvatel (%)";"Počet obyvatel ve věku
0-14 (k 31.12.)";"Podíl obyvatel ve věku 
65 a více let na celkovém počtu obyvatel (%)";"Počet obyvatel ve věku
65 a více let (k 31.12.)";"Počet částí obce
 (k 31.12.)";"Podíl nezaměstnaných osob dosažitelných (%) 
k 31.12.";Uchazeči o zaměstnání v evidenci úřadu práce (k 31. 12.) - dosažitelní;Uchazeči o zaměstnání v evidenci úřadu práce (k 31. 12.) - celkem;Uchazeči o zaměstnání v evidenci úřadu práce - absolventi (k 31. 12.);"Uchazeči o zaměstnání v evidenci úřadu práce - evidence nad 12 měs.
(k 31. 12.)";Počet dokončených bytů;Počt dokončených bytů v rodinných domech;Počet hromadných ubytovacích zařízení celkem (k 31.12.);Počet lázeňských léčeben (k 31.12.);Počet lůžek v lázeňských léčebnách (k 31.12.);Podíl zemědělské půdy z celkové výměry (%);Podíl orné půdy ze zemědělské půdy (%);Podíl trvalých travních porostů ze zemědělské půdy (%);Podíl zastavěných a ostatních ploch z celkové výměry (%);Podíl vodních ploch z celkové výměry (%);Podíl lesních pozemků z celkové výměry (%);Koeficient ekologické stability;Orná půda (ha);Chmelnice (ha);Vinice (ha);Zahrady (ha);Ovocné sady (ha);Trvalé travní porosty (ha);Lesní půda (ha);Vodní plochy (ha);Zastavěné plochy (ha);Ostatní plochy (ha);Zemědělská půda (ha);Celková výměra (ha);Živě narození;Zemřelí;Přistěhovalí;Vystěhovalí;Průměrný věk (k 31. 12.);"Počet obyvatel ve věku
 15- 64 let (k 31.12.)";Kód KRAJ_NUTS;Kód CZ_NUTS (3);KRAJ
2101;Benešov;61022;-41;683;17,27573662;10542;19,86988299;12125;268;1,450335798;555;635;22;55;345;285;62;0;0;58,29274955;74,91682217;19,92236336;9,301825161;2,044153543;30,36127174;0,887757678;30134,5409;-;-;1868,3159;207,57;8013,571;20950,3195;1410,5361;1078,7448;5339,8338;40223,9978;69003,432;613;654;1549;866;42,10007866;38355;3026;CZ020;Středočeský kraj
2102;Beroun;64927;75;1009;18,67327922;12124;17,5458592;11392;95;2,867769404;1172;1283;37;306;566;398;39;0;0;47,4681298;71,64071828;20,29310473;11,86502395;1,390321909;39,27652434;1,180001261;14135,099;0,0012;16,3219;1270,8497;304,3273;4003,9387;16325,6263;577,8993;819,4935;4112,3061;19730,5378;41565,863;696;621;2131;1122;40,66717236;41411;3026;CZ020;Středočeský kraj
2103;Brandýs nad Labem-Stará Boleslav;113282;472;1911;21,27345916;24099;14,49126958;16416;85;1,138591676;813;908;29;64;874;583;28;1;i.d.;71,26693293;87,93648149;3,488786728;14,34198769;1,996761141;12,39431823;0,298505326;23699,902;-;12,3316;2085,5534;213,1047;940,2685;4687,1844;755,1192;1259,7617;4163,9768;26951,1602;37817,2023;1336;864;4648;2737;38,49621299;72767;3026;CZ020;Středočeský kraj
2104;Čáslav;25663;-34;45;16,08931146;4129;20,30939485;5212;68;3,429405327;564;604;14;114;63;43;8;0;0;72,58078107;87,8084798;4,437583264;10,36125616;1,37905993;15,67890284;0,349649031;17488,9404;24,4942;12,9451;614,7417;892,1817;883,8398;4302,5019;378,4326;601,192;2242,0761;19917,1429;27441,3455;267;301;557;512;42,81512294;16322;3026;CZ020;Středočeský kraj
2105;Černošice;149338;667;2667;20,97255889;31320;15,66848357;23399;123;1,393330534;1294;1487;35;241;1116;558;57;0;0;57,51989028;79,04986974;8,225128578;12,95926167;1,963084006;27,55776404;0,711488848;26387,299;0,0505;1,5003;3579,6508;666,4768;2745,595;15992,6233;1139,2384;1613,2424;5907,4182;33380,5724;58033,0947;1713;1046;6217;3550;39,13781489;94619;3026;CZ020;Středočeský kraj
2106;Český Brod;21537;92;151;19,49668013;4199;17,22152575;3709;42;2,234842897;303;331;15;53;168;143;3;0;0;79,72060037;88,55377452;2,306296129;10,63189975;1,101038028;8,546461853;0,231110147;13016,1481;-;-;408,3387;935,1012;338,9928;1575,7641;203,0052;389,959;1570,3102;14698,5808;18437,6193;268;176;770;619;40,18314993;13629;3026;CZ020;Středočeský kraj
2107;Dobříš;23079;32;256;17,903722;4132;18,80497422;4340;70;3,355381011;487;503;18;77;116;114;19;0;0;41,84751077;72,14885998;22,91205311;6,870979031;2,632980082;48,64853012;1,698073612;9617,5382;-;-;603,4409;54,9459;3054,2069;15496,5328;838,7111;366,7377;1821,9482;13330,1319;31854,0617;268;236;649;393;41,42296027;14607;3026;CZ020;Středočeský kraj
2108;Hořovice;30131;-23;271;15,91716173;4796;20,25488699;6103;55;1,836532959;353;415;17;66;123;96;8;0;0;51,06686045;73,40992706;20,99452228;9,840432957;1,155939753;37,93676684;1,112888329;10795,5172;-;1,4427;682,5803;138,8475;3087,4125;10924,7075;332,8777;527,4424;2306,3218;14705,8002;28797,1496;316;339;792;521;42,64586306;19232;3026;CZ020;Středočeský kraj
2109;Kladno;125957;-8;1074;16,92323571;21316;19,24386894;24239;70;3,204960265;2569;2910;72;1033;484;367;15;0;0;52,21224261;86,16364674;5,9049492;15,52675875;1,058859744;31,2021389;0,6524902;15786,4161;0,0813;-;1148,5929;304,4728;1081,8714;10948,9253;371,5571;1169,0817;4279,3051;18321,4345;35090,3037;1323;1331;3134;2060;41,93673635;80402;3026;CZ020;Středočeský kraj
2110;Kolín;83500;37;785;16,66467066;13915;20,17844311;16849;140;3,386223278;1782;1985;71;439;312;235;22;0;0;72,68025193;88,85448643;4,162458791;11,09285005;2,634466093;13,59243193;0,321483771;37729,519;-;0,0761;1409,9907;1555,0879;1767,4692;7941,1363;1539,1399;1459,0709;5021,7292;42462,1429;58423,2192;945;908;2178;1393;42,29008383;52736;3026;CZ020;Středočeský kraj
2111;Kralupy nad Vltavou;32515;72;442;17,21974473;5599;18,11164078;5889;39;2,854938272;592;632;24;120;186;122;10;0;0;71,86704933;88,29743689;3,899742277;19,93768896;2,569133438;5,626128279;0,199120544;8326,1495;168,4441;-;372,2445;195,091;367,7325;738,2032;337,0955;465,7051;2150,3152;9429,6616;13120,9806;363;291;1162;720;41,19915424;21027;3026;CZ020;Středočeský kraj
2112;Kutná Hora;50165;-43;490;15,15797867;7604;21,33559254;10703;232;2,919914508;929;1008;44;152;124;88;53;0;0;61,56369621;81,45261858;13,43074907;8,974025059;2,10144887;27,36082986;0,691495918;32242,2069;-;5,5972;1347,2621;672,5086;5316,4281;17592,3675;1351,182;1177,1471;4592,9391;39584,0029;64297,6386;476;519;1348;858;43,42556563;31858;3026;CZ020;Středočeský kraj
2113;Lysá nad Labem;26907;163;283;20,71208236;5573;12,81450924;3448;17;2,598434131;458;502;13;102;235;82;7;0;0;57,37121796;90,10414907;5,574805214;20,25171282;2,137382349;20,23968687;0,389939827;6260,8021;-;-;244,7343;55,5095;387,3601;2451,2912;258,865;301,7545;2150,9932;6948,406;12111,3099;335;172;1101;818;37,6900249;17886;3026;CZ020;Středočeský kraj
2114;Mělník;44600;-12;296;16,92825112;7550;19,4058296;8655;101;2,857546537;809;896;33;188;182;153;34;0;0;61,83045508;87,50141643;5,174159921;11,24656629;1,494827827;25,4281508;0,530243185;24711,9717;107,9118;265,0211;924,3076;771,3083;1461,2757;11614,6105;682,7804;940,4711;4196,5319;28241,7962;45676,1901;466;478;1072;776;41,86647982;28395;3026;CZ020;Středočeský kraj
2115;Mladá Boleslav;112464;60;938;16,29677052;18328;18,31964006;20603;190;1,642300861;1202;1318;21;301;324;263;40;0;0;62,97945402;89,4413163;6,194031863;10,50630549;1,268881614;25,24535888;0,496200589;45648,3315;-;1,4687;1708,8559;517,2709;3161,2596;20458,2925;1028,2742;1698,633;6815,4496;51037,1866;81037,8359;1132;1072;3069;2131;41,61341407;73533;3026;CZ020;Středočeský kraj
2116;Mnichovo Hradiště;17901;-17;248;17,26719178;3091;18,92631697;3388;76;1,656095842;188;204;8;29;110;94;29;0;0;60,4050955;74,66812181;17,27443827;8,323460896;2,047313359;29,22413024;0,871719419;9584,8367;-;-;485,2871;549,013;2217,4479;6210,3705;435,0711;359,0238;1409,7808;12836,5847;21250,8309;194;211;600;352;41,72339534;11422;3026;CZ020;Středočeský kraj
2117;Neratovice;32187;17;135;16,82356231;5415;18,35212974;5907;25;2,860007639;599;666;23;171;85;85;1;0;0;73,56790085;90,48825162;4,118577058;14,63645395;3,924032611;7,871612586;0,231424558;7529,3649;-;0,2536;389,873;58,6295;342,6994;890,3105;443,8236;377,6042;1277,8366;8320,8204;11310,3953;326;309;851;716;41,36904651;20865;3026;CZ020;Středočeský kraj
2118;Nymburk;40183;-71;305;16,57168454;6659;20,32451534;8167;70;3,424225707;869;917;23;200;151;101;15;0;0;70,17696064;90,96684497;3,785575999;9,659167001;2,030992944;18,13287941;0,360600974;22697,083;-;-;830,4746;478,8457;944,5368;6447,0217;722,1057;878,5586;2555,6924;24950,9401;35554,3185;406;477;1018;713;42,47698032;25357;3026;CZ020;Středočeský kraj
2119;Poděbrady;31382;-51;338;16,12389268;5060;21,9329552;6883;66;3,431903803;665;712;27;128;87;80;39;3;757;71,17607055;92,75457598;3,916849591;9,411163926;2,439889028;16,97287649;0,325728489;23019,7944;-;2,4658;643,1994;180,4191;972,0822;5918,1714;850,7504;713,4935;2568,0293;24817,9609;34868,4055;341;392;989;651;43,30262571;19439;3026;CZ020;Středočeský kraj
2120;Příbram;69951;-57;64;15,24781633;10666;20,86031651;14592;161;3,507489143;1583;1706;46;317;224;153;40;0;0;43,70719923;70,67102255;24,62604026;9,758763965;2,278243463;44,25579334;1,460200803;24576,0418;-;-;1488,7816;146,6777;8563,773;35211,7585;1812,6657;1052,8886;6711,5918;34775,2741;79564,1787;728;785;1002;938;43,30870895;44693;3026;CZ020;Středočeský kraj
2121;Rakovník;55562;-58;55;15,67078219;8707;20,9189734;11623;142;2,484332406;884;982;38;181;86;86;47;0;0;52,34121613;83,24557271;8,498049484;8,154570297;1,391807368;38,1124062;0,933251947;39053,3976;2304,8782;-;1241,3166;327,1596;3986,731;34160,1868;1247,4783;1283,8323;6025,117;46913,483;89630,0974;554;612;939;884;43,04335697;35232;3026;CZ020;Středočeský kraj
2122;Říčany;71896;234;1616;21,09853121;15169;15,82285524;11376;113;0,975159336;433;477;16;32;675;560;43;0;0;55,13602697;73,44248964;12,92384169;10,98220018;1,215298358;32,66647449;0,942672848;15277,2058;-;-;2492,5441;343,4758;2688,3646;12324,3305;458,5049;1006,6424;3136,6962;20801,5903;37727,7643;743;509;3108;1492;39,15011962;45351;3026;CZ020;Středočeský kraj
2123;Sedlčany;22074;2;29;14,84551962;3277;21,36903144;4717;180;2,844101124;405;435;15;42;72;65;44;0;0;59,12198156;67,6600049;28,94741429;9,047674953;3,441048931;28,38929456;1,03875217;17949,8246;-;-;780,948;119,0849;7679,5887;12738,955;1544,0809;560,3098;3499,5982;26529,4462;44872,3901;249;247;306;277;43,37582676;14080;3026;CZ020;Středočeský kraj
2124;Slaný;40526;-76;222;16,76948132;6796;19,17534422;7771;93;3,231895223;839;960;20;358;184;108;5;0;0;79,29340325;91,62060496;2,049893452;9,888161052;0,974461095;9,843974601;0,211574068;26791,0741;338,8761;29,8322;604,3167;877,8048;599,4159;3630,1987;359,3556;729,7267;2916,7668;29241,3198;36877,3676;407;483;1091;869;41,87578345;25959;3026;CZ020;Středočeský kraj
2125;Vlašim;25947;-28;90;15,5355147;4031;21,8329672;5665;136;1,734774907;284;314;14;22;101;78;16;0;0;60,80727276;80,50546805;16,51608832;7,600016451;2,819061307;28,77364948;0,768246661;24279,3113;-;-;785,1246;113,1319;4981,0188;14270,8686;1398,17;668,6335;3100,7471;30158,5866;49597,0058;265;293;465;375;43,26687093;16251;3026;CZ020;Středočeský kraj
2126;Votice;12445;-39;41;16,31980715;2031;21,32583367;2654;147;1,670521717;130;151;0;17;37;29;4;0;0;69,23527614;74,06285097;22,52589025;7,394382548;1,852241879;21,51809943;0,704390454;14811,3032;-;-;517,9515;164,2419;4504,7927;6215,4035;535,0115;373,724;1762,1092;19998,2893;28884,5375;106;145;277;236;43,11639213;7760;3026;CZ020;Středočeský kraj
3101;Blatná;13668;-7;14;14,46444249;1977;22,62949956;3093;66;1,681252879;146;170;3;12;19;19;15;0;0;60,17589216;73,1581083;24,32831484;8,791838239;6,028926089;25,00334351;0,89338778;12263,9393;-;-;393,6905;27,6757;4078,3036;6965,3521;1679,5191;369,8976;2079,3048;16763,6091;27857,6827;138;145;220;206;44,10140474;8598;3034;CZ031;Jihočeský kraj
3102;České Budějovice;162553;194;983;16,66164266;27084;19,54008846;31763;184;1,714169892;1776;1953;59;122;1104;480;117;0;0;53,32010931;71,52385693;24,43460632;10,84712789;6,585249725;29,24751308;1,041494328;35228,7425;-;-;1950,8982;39,7419;12035,1515;27017,4358;6083,1347;2008,9923;8011,059;49254,5341;92375,1559;1821;1627;3219;2236;42,17149176;103706;3034;CZ031;Jihočeský kraj
3103;Český Krumlov;41687;6;-26;16,72223955;6971;19,08028882;7954;144;3,976179908;1075;1152;24;169;104;95;291;0;0;32,49520568;28,0046423;69,78552415;13,34547551;5,645925292;48,51339353;3,455207906;10274,1184;-;-;703,9158;106,8102;25602,353;54771,7858;6374,2688;579,7389;14487,3482;36687,1974;112900,3391;416;410;705;731;41,8536834;26762;3034;CZ031;Jihočeský kraj
3104;Dačice;18783;-31;-43;14,6675185;2755;21,08821807;3961;95;2,351212344;288;306;8;33;40;28;25;0;0;58,46375158;79,28677297;18,7781295;7,204371492;2,017633005;32,31424393;0,867120978;21872,0572;-;-;504,864;28,9522;5180,1367;15247,4146;952,0163;456,4878;2942,8812;27586,0101;47184,81;183;214;250;293;43,61047224;12067;3034;CZ031;Jihočeský kraj
3105;Jindřichův Hradec;47113;48;-11;15,31212192;7214;21,52059941;10139;148;1,864282866;561;616;20;42;123;107;113;0;0;48,18031304;61,26121559;36,45997247;7,825765828;5,783030389;38,21089074;1,677977639;27559,042;-;-;990,0434;35,1056;16401,9258;35677,6344;5399,6345;917,9927;6388,9506;44986,1168;93370,329;512;464;680;691;43,27704668;29760;3034;CZ031;Jihočeský kraj
3106;Kaplice;19869;46;149;15,99476572;3178;17,34863355;3447;77;2,81401699;371;404;14;60;60;49;17;0;0;41,66369121;37,41109702;61,08118887;7,940681872;1,572212902;48,82341401;3,250340678;7554,2315;-;-;270,7074;33,7376;12333,8121;23662,4793;761,9798;250,4518;3598,0341;20192,4886;48465,4336;213;167;604;455;41,44675122;13244;3034;CZ031;Jihočeský kraj
3107;Milevsko;18235;-45;93;13,77570606;2512;24,11296956;4397;104;2,692037881;307;334;7;23;33;32;19;0;0;58,84650606;71,41369723;25,97136348;6,995550516;3,559770686;30,59817274;1,039983007;16182,714;-;-;551,3584;41,2004;5885,2456;11782,6954;1370,7908;487,8709;2205,9645;22660,5184;38507,84;179;224;373;280;45,20112421;11326;3034;CZ031;Jihočeský kraj
3108;Písek;53352;-67;298;15,63390313;8341;21,28130154;11354;158;1,672042852;565;649;21;39;51;50;67;1;i.d.;53,30643899;76,44908275;20,57948729;7,847022846;4,440048665;34,4064895;1,05764253;30231,2372;-;-;1063,2902;111,7403;8138,0095;25523,7413;3293,7581;1048,6501;4772,5012;39544,2772;74182,9279;550;617;1157;859;43,12020168;33657;3034;CZ031;Jihočeský kraj
3109;Prachatice;33458;-29;30;15,70625859;5255;19,41837528;6497;163;2,462017207;538;616;22;59;62;56;66;0;0;39,82345519;38,62285525;56,58483559;10,35949804;1,807189804;48,00985697;2,88493544;12940,4814;-;-;680,2247;925,4253;18958,5935;40392,2021;1520,4456;539,9679;8175,8035;33504,7249;84133,144;344;373;614;584;42,3556698;21706;3034;CZ031;Jihočeský kraj
3110;Soběslav;21947;-51;84;15,15924728;3327;22,14425662;4860;60;1,901469317;264;309;14;29;70;69;22;0;0;58,31249281;73,77793814;23,02232176;8,845997396;7,306961039;25,53454876;0,927980212;13936,5417;-;-;584,8653;19,5608;4348,882;8271,7059;2367,0296;444,9555;2420,6322;18889,8498;32394,173;223;274;378;294;43,8181756;13760;3034;CZ031;Jihočeský kraj
3111;Strakonice;45223;-90;8;15,97417243;7224;20,90529156;9454;153;2,927099951;844;992;29;175;119;71;35;0;0;66,33325771;66,45380219;30,3718725;9,393279144;2,673729141;21,599734;0,870058918;25308,378;-;-;1097,661;111,2544;11566,8751;12401,1384;1535,0784;857,3012;4535,6983;38084,1685;57413,3848;416;506;606;598;43,20559229;28545;3034;CZ031;Jihočeský kraj
3112;Tábor;80648;-145;210;15,5341732;12528;21,39792679;17257;290;2,912583377;1489;1603;66;286;159;102;85;2;512;58,66247519;74,05226174;22,6205685;8,519230413;2,169771647;30,64852275;0,924552904;43546,9337;-;-;1924,6993;31,8654;13302,1784;30723,3392;2175,0683;1425,3243;7114,7025;58805,6768;100244,1111;804;949;1266;1056;43,36816784;50863;3034;CZ031;Jihočeský kraj
3113;Trhové Sviny;19267;-27;174;16,60870919;3200;18,98064047;3657;90;1,78643602;221;247;9;22;88;68;32;0;0;46,80072215;61,54499003;35,83565051;6,60661622;5,183741359;41,40892027;1,824051748;13029,1003;-;-;537,2873;17,2322;7586,4223;18731,091;2344,8361;367,9621;2620,5034;21170,0421;45234,4347;172;199;452;278;41,92134219;12410;3034;CZ031;Jihočeský kraj
3114;Třeboň;24796;-27;103;14,6959187;3644;22,43507017;5563;46;1,583349295;248;280;10;28;94;40;134;1;i.d.;32,65076689;63,04021152;34,19916978;7,763839785;13,01405305;46,57134027;2,5277161;11080,296;-;-;478,5538;6,6678;6011,0351;25070,2723;7005,7218;544,2719;3635,1564;17576,5527;53831,9751;252;279;558;455;44,05924343;15589;3034;CZ031;Jihočeský kraj
3115;Týn nad Vltavou;14083;-6;0;15,5719662;2193;18,41937087;2594;59;1,841797083;173;198;10;35;10;10;16;0;0;60,85749596;79,16594438;18,06780496;8,499673227;2,46707757;28,17575324;0,764350377;12641,9848;-;-;403,3031;38,4386;2885,2421;7393,2999;647,3596;332,2768;1898,0321;15968,9686;26239,937;135;141;246;246;42,09539871;9296;3034;CZ031;Jihočeský kraj
3116;Vimperk;17520;-6;12;15,35958904;2691;20,49657534;3591;109;2,598203276;295;329;10;14;76;51;116;0;0;29,6518714;26,51671154;71,15599406;9,617774283;0,589377657;60,14097665;4,720668185;4209,6489;-;-;354,2522;15,2164;11296,3386;32199,1628;315,5497;285,1617;4864,1441;15875,4561;53539,4744;173;179;332;320;43,04805936;11238;3034;CZ031;Jihočeský kraj
3117;Vodňany;11881;17;92;15,36065988;1825;18,94621665;2251;44;2,387063655;186;236;9;70;17;17;11;0;0;63,41225099;67,68156445;24,37343014;8,911574926;4,427119887;23,2490542;0,929385329;7692,281;-;-;250,9768;652,0049;2770,138;4166,9364;793,4743;273,5626;1323,6622;11365,4007;17923,0362;134;117;350;258;42,25902702;7805;3034;CZ031;Jihočeský kraj
3201;Blovice;12185;-48;76;15,80631924;1926;21,0586787;2566;51;1,811125485;140;175;7;27;32;23;8;0;0;55,93690981;65,31060533;29,92924519;8,12303455;1,288902768;34,65115287;1,239352324;8366,9986;-;-;477,8602;131,9667;3834,2617;7936,0648;295,1941;310,4478;1549,95;12811,0872;22902,7439;118;166;293;217;43,03697169;7693;3042;CZ032;Plzeňský kraj
3202;Domažlice;40679;-25;42;15,61247818;6351;20,54622778;8358;159;2,008783655;526;566;25;68;72;67;43;0;0;49,65953462;56,58740886;40,74301148;7,324302963;1,187401453;41,82876097;1,822837569;21445,439;-;-;910,494;101,2206;15440,7453;31921,8085;906,1708;785,9854;4803,5896;37897,8989;76315,4532;422;447;690;648;42,87567295;25970;3042;CZ032;Plzeňský kraj
3203;Horažďovice;11535;-57;-16;13,86215865;1599;23,07758994;2662;59;2,645502646;195;223;7;24;17;17;11;0;0;64,86095082;70,76077578;26,41697491;9,95549833;3,378510711;21,80504014;0,790458672;11876,1169;-;-;403,5629;70,1086;4433,6863;5642,2907;874,2263;338,8903;2237,2029;16783,4747;25876,0849;86;143;197;213;44,84841786;7274;3042;CZ032;Plzeňský kraj
3204;Horšovský Týn;14825;2;135;16,37099494;2427;19,08263069;2829;74;2,454308094;235;258;9;29;61;48;6;0;0;63,90600722;78,92583529;18,89860676;8,188880386;1,440252076;26,46486031;0,705692037;14562,323;-;-;373,7944;27,61;3486,9142;7640,8099;415,8228;357,3471;2006,9079;18450,6416;28871,5293;161;159;410;275;41,94370995;9569;3042;CZ032;Plzeňský kraj
3205;Klatovy;50720;-83;239;15,09858044;7658;21,19479495;10750;242;1,727382091;560;653;22;57;194;125;119;0;0;50,57550469;56,25102158;40,02690429;8,64441418;1,354725832;39,4253553;1,695879051;25779,3524;-;-;1468,2369;237,5572;18343,981;35725,3901;1227,5884;1090,8088;6742,35;45829,1275;90615,2648;504;587;839;600;43,39518927;32312;3042;CZ032;Plzeňský kraj
3206;Kralovice;22367;-78;102;14,60186882;3266;21,58537131;4828;120;2,847594514;409;519;7;109;77;45;27;0;0;47,08841539;80,32563242;17,0825039;6,785852396;1,048223434;45,07750878;1,241653881;24935,3794;0,5203;-;752,7071;51,3614;5302,899;29717,1843;691,0375;647,0619;3826,4867;31042,8672;65924,6376;177;255;525;423;43,56312872;14273;3042;CZ032;Plzeňský kraj
3207;Nepomuk;11583;-54;74;14,52991453;1683;22,87835621;2650;64;2,736352442;200;225;7;44;27;14;7;0;0;58,18907112;63,64402148;33,25064123;7,705648432;1,833534879;32,27174557;1,235160656;11434,826;-;-;533,5437;24,3876;5974,0929;9964,4419;566,1346;378,4424;2000,8056;17966,8502;30876,6747;83;137;269;195;44,36376586;7250;3042;CZ032;Plzeňský kraj
3208;Nýřany;57612;22;655;16,85065611;9708;18,11428175;10436;118;2,135327022;794;880;50;101;374;243;19;0;0;53,88286057;81,66374319;14,08842316;9,007782834;1,598849774;35,51050682;0,886417173;27611,8774;-;-;1233,3556;202,908;4763,5315;22282,96;1003,2835;895,0828;4757,3306;33811,6725;62750,3294;579;557;1720;1065;41,41298688;37468;3042;CZ032;Plzeňský kraj
3209;Plzeň;194280;32;2649;15,42258596;29963;20,78752316;40386;46;2,118184413;2597;2948;97;395;1167;317;70;0;0;47,58526352;70,73272103;16,19448871;25,02329806;2,3459395;25,04549892;0,704110236;8798,8902;-;-;1558,6085;67,5985;2014,5348;6547,3377;613,2702;1313,4615;5228,0725;12439,632;26141,7739;2064;2032;6383;3734;43,01549825;123931;3042;CZ032;Plzeňský kraj
3210;Přeštice;22885;31;268;15,93183308;3646;19,44068167;4449;58;1,605551398;236;259;11;31;111;79;8;0;0;59,41790383;76,42844866;18,61739943;8,244901916;1,338982658;30,9982116;0,863686814;12317,9104;-;-;659,5507;138,9059;3000,551;8408,1666;363,1948;476,4667;1759,9368;16116,918;27124,6829;251;220;637;369;42,44874372;14790;3042;CZ032;Plzeňský kraj
3211;Rokycany;49349;-61;444;15,5241241;7661;20,43607773;10085;101;2,486931728;785;849;21;197;109;107;31;0;0;40,56883521;72,97242158;21,20462974;9,003127161;1,573820431;48,8542172;1,590191194;19438,9843;-;-;1361,5664;189,5978;5648,6609;32079,2592;1033,4214;908,5752;5003,1693;26638,8094;65663,2345;521;582;1133;689;42,88331071;31603;3042;CZ032;Plzeňský kraj
3212;Stod;23393;3;140;16,17577908;3784;19,30919506;4517;41;1,618788562;244;274;13;29;155;59;4;0;0;58,08548839;83,90281467;13,29356517;10,19263172;1,535806847;30,18607304;0,6969864;12631,9693;-;-;391,5604;30,538;2001,4097;7824,084;398,0737;382,7691;2259,1117;15055,4774;25919,5159;257;254;744;604;42,03657077;15092;3042;CZ032;Plzeňský kraj
3213;Stříbro;17190;5;135;15,45084351;2656;18,52239674;3184;90;2,874779541;326;344;8;51;40;29;26;1;i.d.;51,86955677;73,17414394;24,63572488;7,62384739;1,486600873;39,01999497;1,193995181;16346,569;-;-;425,6795;63,5798;5503,4409;16805,198;640,2518;402,3099;2881,1417;22339,2692;43068,1706;183;178;469;334;42,2264107;11350;3042;CZ032;Plzeňský kraj
3214;Sušice;24150;-55;41;14,60041408;3526;22,96480331;5546;178;3,797717434;579;627;12;106;50;26;122;0;0;34,43755763;40,07113905;56,69721026;8,836512854;1,664115379;55,06181413;3,417734925;10773,0056;-;-;724,0696;144,75;15242,875;42985,6374;1299,141;583,0933;6315,3924;26884,7002;78067,9643;225;280;422;381;44,46650104;15078;3042;CZ032;Plzeňský kraj
3215;Tachov;37146;37;572;15,71905454;5839;17,34776288;6444;137;2,80697466;689;756;16;127;202;100;27;0;0;45,44238917;58,19069101;39,86564663;6,821741723;2,101034013;45,63483509;2,006164261;25061,9348;-;-;620,8906;216,2182;17169,5888;43251,0256;1991,2831;670,8031;5794,5939;43068,6324;94776,3381;396;359;1197;625;41,59731869;24863;3042;CZ032;Plzeňský kraj
4101;Aš;17695;-24;64;16,38315908;2899;18,52500706;3278;22;1,518157509;176;197;2;31;23;23;6;0;0;38,44455862;35,98434364;59,86032237;10,41264291;1,072001034;50,07079744;3,124278536;1988,6736;-;-;220,1495;9,4949;3308,1788;7197,7963;154,1027;162,3728;1334,4694;5526,4968;14375,238;172;196;421;357;41,74549308;11518;3051;CZ041;Karlovarský kraj
4102;Cheb;49955;-103;101;15,70013012;7843;19,6296667;9806;105;2,002830421;651;730;17;66;223;91;90;17;2359;56,97167973;63,52201112;34,49266075;11,15039449;4,551806254;27,32611952;1,112380714;17979,4564;-;-;524,2214;37,7117;9762,9039;13575,9821;2261,3983;552,8951;4986,7702;28304,2934;49681,3391;447;550;939;838;42,53178861;32306;3051;CZ041;Karlovarský kraj
4103;Karlovy Vary;87182;-238;254;14,39173224;12547;22,08024592;19250;183;2,588348855;1448;1612;44;260;215;120;175;29;5125;37,79718706;48,37667855;48,80262173;22,47917245;1,686828923;38,03681157;1,453133129;21419,9732;-;-;928,3661;320,5686;21608,5701;44558,1859;1976,0341;999,2482;25333,9565;44277,478;117144,9027;790;1028;1943;1689;44,14121034;55385;3051;CZ041;Karlovarský kraj
4104;Kraslice;13184;-26;57;15,69326456;2069;20,8586165;2750;29;3,446642189;291;312;6;72;16;3;19;0;0;23,09700095;7,322045471;89,37779008;6,282481152;1,26830427;69,35221363;11,54130154;447,3802;-;-;201,6415;-;5461,0223;18346,3246;335,5152;139,8284;1522,1292;6110,044;26453,8414;120;146;363;306;43,071071;8365;3051;CZ041;Karlovarský kraj
4105;Mariánské Lázně;23984;-75;131;14,49299533;3476;22,59422949;5419;57;2,035740001;311;332;9;36;42;42;111;8;2566;40,29214352;32,28836842;65,98733012;7,749811826;2,139026708;49,81901795;3,817074586;5273,19;-;-;277,8841;3,721;10776,7517;20193,0588;867,0081;342,1905;2799,0277;16331,5468;40532,8319;238;313;633;502;44,21426785;15089;3051;CZ041;Karlovarský kraj
4106;Ostrov;27636;-44;-168;14,84657693;4103;19,73150963;5453;58;2,315823888;425;477;7;99;58;26;89;1;i.d.;26,44541551;20,17981864;74,35494163;11,77597986;1,965323684;59,81328094;4,84364165;1810,6581;-;-;299,9239;190,4512;6671,5851;20293,9424;666,8112;280,9111;3714,5403;8972,6183;33928,8233;252;296;468;636;43,17046606;18080;3051;CZ041;Karlovarský kraj
4107;Sokolov;75028;-68;-93;15,74478861;11813;18,95558991;14222;74;3,804303859;1881;2092;41;477;106;74;33;0;0;29,91040344;24,81537074;70,46030149;26,12777925;1,805009029;42,15680828;1,980612005;3631,0048;-;-;662,6029;28,6645;10309,8074;20622,9841;883,005;579,6781;12201,9531;14632,0796;48919,6999;808;876;1162;1255;42,19736632;48993;3051;CZ041;Karlovarský kraj
4201;Bílina;22600;-22;80;14,86283186;3359;17,41150442;3935;30;2,544082243;391;422;10;57;8;5;2;0;0;38,05898023;61,46669671;33,20409358;36,53137323;1,116922283;24,29272426;0,66875341;2891,0425;-;-;160,0224;90,6332;1561,731;3002,1589;138,0322;197,3314;4317,312;4703,4291;12358,2636;194;216;626;546;41,58778761;15306;3069;CZ042;Ústecký kraj
4202;Děčín;76842;-87;-102;16,12009058;12387;21,29304287;16362;121;3,918017944;1904;2070;61;354;117;72;91;0;0;37,57593976;31,27345164;60,81544667;8,965185968;1,15459093;52,30428334;3,827075029;6507,2662;-;-;1343,5354;302,5779;12654,2572;28963,4413;639,3535;773,7382;4190,724;20807,6367;55374,8937;774;861;949;1051;42,69922699;48093;3069;CZ042;Ústecký kraj
4203;Chomutov;81662;-30;52;16,05030492;13107;17,97776199;14681;78;5,145430385;2788;2948;79;820;114;75;32;0;0;35,19258123;63,7202633;31,30274178;20,20211864;3,251706786;41,35359334;1,345935162;10899,8954;-;16,3738;449,75;385,2337;5354,6014;20100,5018;1580,5383;704,5442;9114,9827;17105,8543;48606,4213;835;865;1447;1395;41,66016017;53874;3069;CZ042;Ústecký kraj
4204;Kadaň;43284;-6;179;15,5623325;6736;18,66278532;8078;95;4,23847555;1210;1302;38;456;116;32;72;0;0;48,16096405;53,88455286;42,04974575;13,16636878;3,382857816;35,28980935;1,556388242;11668,3681;15,5639;11,6543;379,7152;473,4692;9105,6135;15867,1884;1521,0182;555,8567;5364,0748;21654,3842;44962,5223;466;472;1098;919;41,93863783;28470;3069;CZ042;Ústecký kraj
4205;Litoměřice;59110;-102;94;16,24259855;9601;19,72255118;11658;143;2,986714091;1142;1248;51;255;67;57;36;0;0;66,21754293;75,11245241;15,64156505;11,14619343;2,116343834;20,51991981;0,642472665;23405,4946;745,0923;204,4301;985,1854;946,3963;4874,0063;9656,2495;995,9076;928,57;4316,5979;31160,605;47057,93;576;678;1143;1049;42,30245305;37851;3069;CZ042;Ústecký kraj
4206;Litvínov;37035;-134;-45;15,74456595;5831;21,02065614;7785;36;3,632685743;862;925;21;154;49;32;23;0;0;11,9734396;23,86840947;62,2604848;25,58960389;2,088695246;60,34826127;2,515250663;674,3768;-;-;308,0128;83,9007;1759,1045;14240,4914;492,8733;327,6836;5710,7428;2825,3948;23597,1859;329;463;785;830;43,04861617;23419;3069;CZ042;Ústecký kraj
4207;Louny;43640;-44;170;16,01741522;6990;19,58065995;8545;97;3,948442993;1112;1263;42;280;68;37;18;0;0;73,94025996;85,14416118;5,511105934;11,65591633;1,534880958;12,86894275;0,340271823;29757,3664;1834,9908;12,7452;645,5228;772,6685;1926,098;6082,7717;725,4932;805,7281;4703,6816;34949,3917;47267,0663;414;458;948;778;42,23939047;28105;3069;CZ042;Ústecký kraj
4208;Lovosice;27750;-47;137;15,54954955;4315;20,91531532;5804;71;2,958680497;522;590;14;127;31;21;12;0;0;72,13498286;80,83068366;9,649199245;10,97629792;1,330165554;15,55855367;0,443345144;15253,5006;83,4629;23,781;634,8416;1054,449;1820,8935;4070,2076;347,979;535,8852;2335,5778;18870,9286;26160,5782;290;337;670;533;42,97661261;17631;3069;CZ042;Ústecký kraj
4209;Most;74673;-104;-58;15,77812596;11782;18,25157688;13629;39;4,998287568;2481;2711;42;712;87;39;17;0;0;45,49759928;81,51605068;12,33619087;44,13095784;2,048459714;8,322983172;0,231241968;8571,8768;-;93,9872;276,9523;275,5323;1297,2207;1923,6379;473,4474;511,3968;9688,3094;10515,5693;23112,3608;733;837;1759;1817;41,90471121;49262;3069;CZ042;Ústecký kraj
4210;Podbořany;15678;-45;55;16,05434367;2517;19,81120041;3106;62;4,349960723;443;507;20;112;30;29;8;0;0;65,45085526;79,46330671;12,83522029;11,15982861;1,388730102;22,00058602;0,583048903;17733,7134;1222,5232;-;309,5393;186,6643;2864,4179;7501,5667;473,517;447,0181;3358,1623;22316,8581;34097,1222;153;198;394;339;42,41784666;10055;3069;CZ042;Ústecký kraj
4211;Roudnice nad Labem;32808;-84;15;16,88917337;5541;20,26944648;6650;58;2,631325765;547;581;20;90;94;75;13;1;i.d.;77,02692027;91,36095478;2,446822409;10,26535435;1,779326741;10,92839864;0,240111903;21127,7442;395,8463;42,7937;516,6665;476,6805;565,8417;3281,002;534,2022;610,6003;2471,3378;23125,5729;30022,7152;306;390;629;614;42,24000244;20617;3069;CZ042;Ústecký kraj
4212;Rumburk;32795;-84;84;16,24332978;5327;20,37200793;6681;52;4,356549154;912;1036;28;228;46;35;30;0;0;44,1039327;21,45855986;72,59550093;8,507640284;0,957333502;46,43109352;4,564301066;2519,2513;-;-;692,0036;6,0542;8522,7672;12359,5459;254,8337;436,4872;1828,1713;11740,0763;26619,1144;316;400;705;621;42,1941302;20787;3069;CZ042;Ústecký kraj
4213;Teplice;106472;-179;583;15,85675107;16883;19,9254264;21215;85;2,652694348;1815;2022;40;228;245;174;52;2;800;33,12423779;46,05626927;43,80590399;20,63519204;2,007401355;44,23316882;1,786215352;5268,4834;-;-;880,4869;279,2026;5011,0589;15275,6261;693,2425;845,7961;6280,4281;11439,2318;34534,3246;1046;1225;2083;1500;42,48999737;68374;3069;CZ042;Ústecký kraj
4214;Ústí nad Labem;119338;-102;33;16,40382778;19576;20,08664466;23971;103;3,984832183;3037;3398;66;748;190;126;41;0;0;44,51398868;25,72613189;67,6062563;20,46127657;2,572892999;32,45184175;2,133518862;4635,0362;-;0,495;996,6107;204,1873;12180,5115;13134,7399;1041,3671;899,0276;7382,5839;18016,8407;40474,5592;1207;1309;1904;1871;42,12113493;75791;3069;CZ042;Ústecký kraj
4215;Varnsdorf;19905;-6;-94;16,19191158;3223;21,15548857;4211;20;4,278747837;544;581;18;111;15;15;25;0;0;41,716393;9,965414081;78,39451505;12,14668968;1,695121782;44,44179554;5,133501432;369,3862;-;-;421,5797;9,8807;2905,8353;3948,8457;150,6189;256,1332;823,1527;3706,6819;8885,4324;187;193;348;442;42,63579503;12471;3069;CZ042;Ústecký kraj
4216;Žatec;27373;-38;107;16,13268549;4416;19,05527344;5216;64;4,758146352;844;978;22;315;40;39;11;0;0;70,27916316;85,07659676;5,530906284;14,11649819;1,149162999;14,45517565;0,353040486;18377,4331;1558,4012;-;361,4815;108,9947;1194,7335;4442,9511;353,2074;512,8415;3826,0135;21601,044;30736,0575;268;306;751;644;41,85092975;17741;3069;CZ042;Ústecký kraj
5101;Česká Lípa;76998;7;153;16,41860828;12642;18,22904491;14036;160;2,234924151;1130;1282;54;144;90;73;105;0;0;40,50342703;59,28063812;37,08471373;10,54828284;2,726220164;46,22206996;1,893604519;20936,7564;27,2645;-;998,6192;257,8026;13097,5921;40304,5568;2377,1998;1190,2835;8007,5708;35318,0348;87197,6457;778;771;1695;1542;41,41753033;50320;3077;CZ051;Liberecký kraj
5102;Frýdlant;24479;-52;35;16,25066383;3978;20,19690347;4944;39;4,570919277;718;892;18;226;37;31;33;1;i.d.;44,89443009;38,02163134;57,88359995;6,02116071;1,050608092;48,0338011;3,330737484;5963,3338;-;-;628,4494;13,7764;9078,496;16780,8079;367,0343;378,958;1724,5595;15684,0556;34935,4153;221;273;419;384;42,03302831;15557;3077;CZ051;Liberecký kraj
5103;Jablonec nad Nisou;56206;115;-3;16,55339288;9304;20,49069494;11517;32;2,584168449;918;1001;28;154;94;72;142;0;0;28,95516809;16,7698763;71,97625109;14,05116426;2,184743854;54,80892379;4,289071524;691,0212;-;-;462,3387;1,3895;2965,8606;7799,858;310,9109;419,4787;1580,1425;4120,61;14231,0001;655;540;1172;1175;42,28699783;35385;3077;CZ051;Liberecký kraj
5104;Jilemnice;22137;-19;51;15,44473054;3419;21,53860053;4768;56;3,327881675;468;494;18;68;40;38;210;0;0;49,50483483;34,12854368;62,54220105;6,964093837;0,786325562;42,74474577;3,191224972;4707,014;-;-;425,875;33,2964;8625,83;11908,6589;219,0698;341,0878;1599,1043;13792,0154;27859,9362;224;243;353;302;43,20763879;13950;3077;CZ051;Liberecký kraj
5105;Liberec;145676;201;597;16,83736511;24528;19,84541036;28910;171;2,926321722;2700;3034;77;520;295;197;91;1;i.d.;46,15237029;40,60004944;51,07025389;11,29765153;0,88336894;41,66660924;2,329389485;10838,205;-;-;2142,0129;81,6041;13633,2317;24100,4387;510,9506;1309,3893;5225,3003;26695,0537;57841,1326;1638;1437;2947;2350;41,84483374;92238;3077;CZ051;Liberecký kraj
5106;Nový Bor;26302;-50;55;15,2459889;4010;21,80822751;5736;37;2,812108186;471;595;15;121;50;50;41;0;0;38,56297202;32,68708779;59,45008095;9,525684639;0,987071985;50,92427136;3,518590057;2532,1671;-;-;551,3078;57,8013;4605,413;10229,8781;198,2871;315,0478;1598,5111;7746,6892;20088,4133;240;290;550;495;43,32522242;16556;3077;CZ051;Liberecký kraj
5107;Semily;25675;-43;59;15,81304771;4060;21,80720545;5599;68;3,39433659;549;573;32;94;38;34;20;0;0;60,02584087;50,04426219;45,10392135;9,84523628;0,843813094;29,28510976;1,507225481;6911,3854;-;-;595,976;74,0863;6229,0974;6737,8203;194,1417;350,624;1914,5351;13810,5451;23007,6662;256;299;412;353;43,34451801;16016;3077;CZ051;Liberecký kraj
5108;Tanvald;20412;-51;3;15,00097982;3062;21,87438762;4465;27;3,942131047;515;585;10;167;65;39;189;0;0;19,46598241;15,62789227;75,90234698;7,236002082;1,214785156;72,08323035;8,729401184;579,8455;-;-;307,1188;7,1368;2816,2233;13739,4642;231,5448;255,0526;1124,1696;3710,3244;19060,5556;189;240;471;468;43,54825593;12885;3077;CZ051;Liberecký kraj
5109;Turnov;33623;-36;312;16,02177081;5387;21,21761889;7134;140;2,239657632;471;495;23;72;109;95;55;0;0;61,97903982;54,80826222;31,29816631;10,26691197;1,397057941;26,35699027;1,26057429;8395,1072;-;-;1259,089;869,0212;4794,0119;6513,7515;345,2628;516,3825;2020,9373;15317,2293;24713,5634;349;385;746;434;42,97770871;21102;3077;CZ051;Liberecký kraj
5110;Železný Brod;12182;-20;20;15,97438844;1946;22,96010507;2797;38;2,477567966;185;196;8;24;20;19;9;0;0;45,09352871;25,8627781;62,34968605;12,16677257;1,014035562;41,72566316;3,196529901;863,6665;-;-;372,1408;21,4944;2082,1172;3090,0103;75,0948;131,9338;769,0813;3339,4189;7405,5391;109;129;262;242;43,50738795;7439;3077;CZ051;Liberecký kraj
5201;Broumov;15876;-27;-118;15,07936508;2394;22,43008314;3561;38;5,567642405;563;590;8;94;21;15;48;0;0;57,22887222;61,77881166;35,70032372;6,973730124;0,843052199;34,95434546;1,362443909;9169,9556;-;-;354,4862;19,6909;5299,0722;9065,9573;218,6588;298,0598;1510,6864;14843,2049;25936,5672;161;188;209;327;43,6946964;9921;3085;CZ052;Královéhradecký kraj
5202;Dobruška;20190;-21;-21;16,55770183;3343;21,17880139;4276;60;1,281648058;163;179;4;18;56;52;62;0;0;61,89896399;67,46050841;28,73621731;7,7251259;1,277352031;29,09855808;1,020917233;11655,1432;-;-;628,9051;28,1861;4964,7525;8121,8711;356,5293;527,3814;1628,8243;17276,9869;27911,593;224;245;353;374;42,68940069;12571;3085;CZ052;Královéhradecký kraj
5203;Dvůr Králové nad Labem;26949;-38;14;14,79461204;3987;23,09176593;6223;62;2,989226944;505;539;30;133;77;70;23;0;0;55,64128949;64,21171781;27,5264259;8,695469484;1,321275353;34,34196567;1,251050816;9212,0625;-;-;987,7592;197,5188;3949,048;8854,6327;340,6738;434,5896;1807,425;14346,3885;25783,7096;249;287;443;429;44,06180192;16739;3085;CZ052;Královéhradecký kraj
5204;Hořice;18377;-31;-36;15,61734777;2870;21,98944333;4041;60;2,083869308;243;290;15;40;27;26;15;0;0;68,85458709;77,6378852;14,2986458;8,894495329;1,343193827;20,90772376;0,603804465;10310,8842;-;-;518,214;552,6742;1898,9657;4032,7016;259,0765;418,344;1297,2347;13280,7381;19288,0949;175;206;312;348;43,42207651;11466;3085;CZ052;Královéhradecký kraj
5205;Hradec Králové;146899;51;586;15,82447804;23246;22,11315257;32484;168;2,344994653;2149;2491;118;493;408;228;45;0;0;68,42783943;83,77034672;10,39932171;12,44508483;2,190092998;16,93698274;0,433335772;38832,2672;-;-;2015,6772;687,0094;4820,6705;11473,7571;1483,6524;1904,4559;6526,3185;46355,6243;67743,8082;1546;1495;2726;2140;43,42486675;91169;3085;CZ052;Královéhradecký kraj
5206;Jaroměř;19273;22;-54;16,15731853;3114;19,67519328;3792;45;3,53195579;441;471;9;47;27;20;7;1;i.d.;76,75297712;75,48505174;18,38792099;10,54321614;1,947079108;10,75672763;0,460275242;8029,5311;-;-;464,5931;187,1539;1955,9685;1490,7821;269,847;364,2776;1096,9138;10637,2466;13859,0671;221;199;362;416;42,01735589;12367;3085;CZ052;Královéhradecký kraj
5207;Jičín;48382;-52;377;15,5863751;7541;20,8920673;10108;201;1,621920302;499;554;33;56;210;102;64;1;i.d.;69,28239222;79,21929703;14,74101081;8,453225825;1,801374888;20,46300707;0,578824804;32753,1328;-;-;1390,356;1106,7482;6094,655;12211,4839;1074,9867;1208,1805;3836,3582;41344,892;59675,9013;466;518;1046;669;43,03294614;30733;3085;CZ052;Královéhradecký kraj
5208;Kostelec nad Orlicí;24892;-51;67;15,49092078;3856;21,33617226;5311;50;1,114065072;176;197;7;16;79;74;9;0;0;44,42623441;63,05771197;30,23528407;8,706621831;2,016860032;44,85028373;1,72325305;6261,8189;-;-;568,1653;97,8602;3002,4539;10025,0832;450,8152;434,5133;1511,6195;9930,2983;22352,3295;229;280;493;426;43,09247951;15725;3085;CZ052;Královéhradecký kraj
5209;Náchod;60595;-42;-37;15,48477597;9383;22,26916412;13494;110;2,657650574;1014;1072;36;68;121;110;59;0;0;56,82307911;52,4101892;37,62796743;9,739993693;2,551433784;30,88549342;1,530295419;10593,7815;-;0,2542;1374,072;639,2821;7605,82;10986,6443;907,6007;867,2465;2597,4819;20213,2098;35572,1832;631;673;807;844;43,59126166;37718;3085;CZ052;Královéhradecký kraj
5210;Nová Paka;13286;8;-3;15,21150083;2021;21,72964022;2887;35;1,72801515;146;171;4;34;20;19;7;0;0;57,28763015;48,50325007;43,74679003;10,45538352;0,723850345;31,53313598;1,614943364;2701,4197;-;-;334,2539;97,3851;2436,5056;3065,685;70,3735;203,6781;812,8054;5569,5643;9722,1063;142;134;232;235;43,80355261;8378;3085;CZ052;Královéhradecký kraj
5211;Nové Město nad Metují;14214;0;-26;15,10482623;2147;23,36428873;3321;25;2,167042889;192;202;12;10;78;34;15;0;0;66,36487412;75,25405546;18,58830162;10,18711489;6,404837179;17,04317381;0,663080675;4898,6656;-;-;275,9256;124,9064;1210,0062;1671,7067;628,2286;265,6746;733,5447;6509,5038;9808,6584;122;122;217;243;44,11699733;8746;3085;CZ052;Královéhradecký kraj
5212;Nový Bydžov;17384;-61;36;14,87574781;2586;20,86401289;3627;47;3,045369795;343;361;12;63;76;33;4;0;0;74,72295969;83,45355931;13,01538462;7,743340253;1,567729815;15,96597024;0,426486522;13359,287;-;1,2566;483,1151;80,8815;2083,5092;3420,4218;335,8579;458,5787;1200,2926;16008,0494;21423,2004;150;211;341;305;43,31621031;11171;3085;CZ052;Královéhradecký kraj
5213;Rychnov nad Kněžnou;34301;2;319;15,80711933;5422;19,85364858;6810;73;1,490564318;327;344;9;30;112;81;71;0;0;52,03274112;51,21784545;43,33226851;7,157804063;1,013885644;39,79556917;1,957892653;12776,6386;-;-;1093,7408;265,7702;10809,528;19078,8995;486,0798;706,3401;2725,2737;24945,6776;47942,2707;329;327;851;532;42,2961867;22069;3085;CZ052;Královéhradecký kraj
5214;Trutnov;63419;-73;-63;15,31086898;9710;21,34533815;13537;75;2,706033123;1098;1185;45;153;321;94;365;1;i.d.;41,05230654;47,3193431;47,90916382;8,98407888;0,830474064;49,13314052;2,519917017;11566,5174;-;-;1151,5415;14,7798;11710,6904;29255,0517;494,4842;776,2941;4573,0422;24443,5291;59542,4013;630;703;837;900;43,27033697;40172;3085;CZ052;Královéhradecký kraj
5215;Vrchlabí;27610;-84;-18;15,91090185;4393;21,49583484;5935;27;1,408854018;246;291;9;25;70;54;280;0;0;36,72648654;44,28741159;51,42972244;8,432535573;1,142738594;53,69823929;3,048952511;4773,2218;-;0,0302;439,5368;22,033;5543,0079;15758,3949;335,3504;378,9853;2095,6438;10777,8297;29346,2041;229;313;423;441;43,07417602;17282;3085;CZ052;Královéhradecký kraj
5301;Česká Třebová;17969;-39;-80;15,34309088;2757;21,3757026;3841;10;2,216404887;254;269;6;32;36;17;6;0;0;41,16745741;57,83585969;30,47334895;12,60858242;0,620367383;45,60359278;1,745884684;1897,6912;-;-;373,2055;10,3889;999,8815;3634,7401;49,4451;159,724;845,217;3281,1671;7970,2933;170;209;270;350;43,2692693;11371;3093;CZ053;Pardubický kraj
5302;Hlinsko;21017;-16;9;15,03068944;3159;21,24470667;4465;74;2,221070556;300;321;15;17;68;49;12;0;0;53,92900288;57,0556736;39,04507519;8,164751945;1,793470636;36,11277454;1,568428865;7590,791;-;0,0154;481,7044;37,0437;5194,6281;8908,9529;442,4458;311,8185;1702,4103;13304,1826;24669,8101;233;249;326;317;43,11597754;13393;3093;CZ053;Pardubický kraj
5303;Holice;17910;32;124;16,78950307;3007;19,32439978;3461;32;1,659968548;190;213;11;20;71;57;7;0;0;52,83408275;74,63261326;20,74353339;5,831481013;1,485030104;39,84940614;1,209313075;8424,7091;-;0,04;478,3357;43,576;2341,58;8514,0059;317,2834;333,6296;912,2927;11288,2408;21365,4524;195;163;489;365;41,94433278;11442;3093;CZ053;Pardubický kraj
5304;Chrudim;83596;1;275;15,87396526;13270;20,58830566;17211;262;2,496353641;1335;1422;57;91;312;171;69;0;0;63,02549101;77,72189752;16,64076024;9,016497919;1,42907375;26,52893732;0,72410507;36550,2804;-;-;1954,1541;696,9191;7825,6511;19794,7916;1066,3155;1418,3343;5309,4021;47027,0047;74615,8482;918;917;1472;1197;42,74111201;53115;3093;CZ053;Pardubický kraj
5305;Králíky;8676;-34;61;15,52558783;1347;21,18487782;1838;27;2,607278653;144;153;7;13;59;33;35;0;0;47,65302335;31,37332434;66,5581581;7,144966506;0,653966091;44,54804405;3,525848553;2371,2602;-;-;148,683;7,6598;5030,6021;7065,727;103,725;166,7499;966,5071;7558,2051;15860,9141;79;113;211;150;42,79621946;5491;3093;CZ053;Pardubický kraj
5306;Lanškroun;23140;-12;-56;16,32238548;3777;19,30855661;4468;36;2,283438433;344;359;7;33;50;46;24;0;0;59,07135895;63,4929877;32,21056978;7,500671952;0,852392638;32,57557646;1,221884366;10322,1886;-;-;667,4355;31,0462;5236,5401;8965,2246;234,5896;304,6104;1759,6726;16257,2104;27521,3076;256;268;341;397;41,93945549;14895;3093;CZ053;Pardubický kraj
5307;Litomyšl;27205;40;29;16,20290388;4408;19,58095938;5327;62;1,415577032;249;266;17;20;66;63;21;0;0;68,80372576;81,59714691;13,39889746;7,259955494;0,538836597;23,39748215;0,577241473;18925,8939;-;-;1000,7631;159,8698;3107,7816;7887,4859;181,6463;425,0626;2022,3288;23194,3084;33710,832;317;277;488;459;42,05747105;17470;3093;CZ053;Pardubický kraj
5308;Moravská Třebová;26138;-20;-109;14,90167572;3895;20,9503405;5476;62;4,395862717;748;792;14;133;64;48;19;0;0;54,24664741;74,1291761;21,6500416;6,963606996;0,909672497;37,8800731;1,119712916;16780,0018;-;-;743,9189;211,5043;4900,7389;15806,6827;379,5902;441,5884;2464,2013;22636,1639;41728,2265;263;283;340;449;43,1810391;16767;3093;CZ053;Pardubický kraj
5309;Pardubice;131691;100;1543;15,98514705;21051;19,99757007;26335;114;1,946116743;1626;1791;80;170;557;327;44;1;i.d.;65,98532429;85,61039995;8,72869872;17,12571226;3,617728384;13,27123507;0,358400121;23121,673;-;-;1320,5838;208,3135;2357,4486;5431,9619;1480,7486;1531,8633;5477,7493;27008,0189;40930,342;1468;1368;3715;2172;42,53347989;84305;3093;CZ053;Pardubický kraj
5310;Polička;19611;19;18;15,91453776;3121;20,37122023;3995;34;1,957507758;246;273;13;18;100;46;24;0;0;59,35832968;64,66778565;31,89593304;7,414713387;0,803804472;32,42315246;1,183385577;10466,4824;-;-;548,306;7,8562;5162,3574;8840,6933;219,1702;302,8133;1718,9274;16185,002;27266,6062;203;184;280;262;42,481388;12495;3093;CZ053;Pardubický kraj
5311;Přelouč;25840;3;310;15,28250774;3949;20,01547988;5172;69;2,634269562;438;474;22;65;97;82;8;0;0;54,13631884;77,7030752;15,76881684;10,8374459;2,821500404;32,20473486;0,890250883;10822,5572;-;-;574,4971;334,7439;2196,2956;8285,5757;725,9105;485,1545;2303,0839;13928,0938;25727,8184;269;266;749;439;42,8494582;16719;3093;CZ053;Pardubický kraj
5312;Svitavy;31379;-34;-11;15,84180503;4971;20,81965646;6533;40;2,661559126;535;574;17;63;53;33;15;0;0;59,34345061;75,14409189;20,69711633;8,453694856;1,016618064;31,18623647;0,885128137;15678,9719;-;-;788,922;78,8186;4318,4966;10965,108;357,4438;433,6132;2538,7133;20865,2091;35160,0874;307;341;465;476;42,70657127;19875;3093;CZ053;Pardubický kraj
5313;Ústí nad Orlicí;26573;44;145;15,79799044;4198;21,26594664;5651;34;1,282127736;215;255;11;18;60;54;10;0;0;57,78443662;57,56082245;36,13158978;8,237209484;0,803330564;33,17502333;1,409731085;6336,6525;-;-;681,5175;12,8609;3977,5896;6320,2354;153,044;282,4163;1286,8698;11008,6205;19051,186;317;273;557;412;42,75390434;16724;3093;CZ053;Pardubický kraj
5314;Vysoké Mýto;32454;-23;59;16,09354779;5223;20,52443458;6661;87;1,959266605;405;445;15;46;75;48;15;0;0;70,0706637;77,04786948;18,47971768;8,56098154;1,833545643;19,53480911;0,598748243;15218,9916;-;-;824,4286;58,9912;3650,2329;5506,7858;516,8693;519,4499;1893,8571;19752,6443;28189,6064;338;361;538;479;42,59912492;20570;3093;CZ053;Pardubický kraj
5315;Žamberk;29463;53;-85;16,55296474;4877;19,17998846;5651;49;1,271984925;243;273;8;26;56;54;42;0;0;59,34486267;54,6851746;39,54621633;7,87674556;1,251709511;31,52668225;1,479569136;9135,8813;-;0,0005;934,0825;29,6394;6606,7182;8875,1558;352,3719;384,4002;1833,0023;16706,3219;28151,2521;339;286;418;503;41,80716492;18935;3093;CZ053;Pardubický kraj
6101;Bystřice nad Pernštejnem;19755;-4;-51;14,61908378;2888;21,43761073;4235;91;3,595488015;459;496;16;169;46;40;20;0;0;56,43499443;64,45902326;32,2019742;7,997302396;1,602433777;33,9652694;1,253533895;12657,0572;-;-;579,0992;76,5413;6323,1214;11817,7718;557,5459;471,6615;2310,8954;19635,8191;34793,6937;215;219;223;274;43,49139458;12632;3107;CZ063;Kraj Vysočina
6102;Havlíčkův Brod;52932;-24;304;16,35305675;8656;20,34686012;10770;139;2,049522673;687;751;35;106;150;137;27;0;0;66,134335;77,02655855;20,26059191;7,968211725;1,430030772;24,46742251;0,697527317;32192,2431;-;-;1087,9301;45,8699;8467,6495;15462,2245;903,7101;911,9404;4123,583;41793,6926;63195,1506;590;614;989;685;42,57094007;33506;3107;CZ063;Kraj Vysočina
6103;Humpolec;17852;-6;126;15,49406229;2766;21,13488685;3773;66;2,209847079;250;265;12;23;65;48;28;0;0;57,33938575;75,47467273;21,08331931;8,042904625;2,792446348;31,82526328;0,948572558;9868,3915;-;0,0372;438,8819;11,127;2756,6658;7257,1166;636,7617;332,8758;1501,1482;13075,1034;22803,0057;217;223;364;238;43,26747703;11313;3107;CZ063;Kraj Vysočina
6104;Chotěboř;21872;-31;0;15,17922458;3320;21,96415508;4804;101;2,244049326;313;367;11;96;60;31;18;0;0;61,67570485;70,79249239;25,75494442;6,895502339;1,609617993;29,81917482;0,977954862;14366,8914;-;-;606,14;94,536;5226,8041;9811,9902;529,6443;447,0536;1821,9093;20294,3715;32904,9689;211;242;300;300;43,54695501;13748;3107;CZ063;Kraj Vysočina
6105;Jihlava;101074;-54;505;16,36919485;16545;19,49759582;19707;146;2,528423553;1639;1789;80;309;314;223;41;0;0;58,47395379;73,79564764;23,59878044;8,75250603;1,587725923;31,18581426;0,926643476;39775,62;-;0,0125;1359,1265;45,256;12719,6678;28746,2261;1463,5221;1288,9632;6778,8562;53899,6828;92177,2504;1042;1096;1649;1144;42,26649781;64822;3107;CZ063;Kraj Vysočina
6106;Moravské Budějovice;23098;-2;-22;14,31725691;3307;20,85894883;4818;60;3,192755156;483;536;23;101;52;34;10;0;0;67,72152906;89,83976836;7,804509173;6,642723118;1,237789574;24,39795825;0,481841779;25189,2641;-;-;631,2093;29,2879;2188,2274;10101,2143;512,4682;515,1384;2235,0741;28037,9887;41401,8837;263;265;328;350;43,42146506;14973;3107;CZ063;Kraj Vysočina
6107;Náměšť nad Oslavou;13440;-26;13;15,17113095;2039;21,13839286;2841;32;2,791234141;242;273;14;28;23;23;18;0;0;53,95546815;87,69507314;9,17380647;9,479562699;3,009721629;33,55524752;0,760692024;9997,064;-;-;330,1406;26,8009;1045,7957;7089,6086;635,899;289,9295;1712,9283;11399,8012;21128,1666;140;166;241;228;43,52127976;8560;3107;CZ063;Kraj Vysočina
6108;Nové Město na Moravě;19386;-5;-10;15,91870422;3086;20,72113897;4017;59;3,143482136;388;466;14;131;50;47;63;0;0;55,21983451;64,36191297;32,88740909;7,168141655;1,122442982;36,48958086;1,341444218;10408,1608;-;-;426,8407;17,9798;5318,323;10686,0899;328,711;313,0967;1786,1164;16171,3043;29285,3183;203;208;257;267;42,69447024;12283;3107;CZ063;Kraj Vysočina
6109;Pacov;9364;-49;-17;13,15677061;1232;23,54762922;2205;64;1,339809077;80;85;5;1;20;18;8;0;0;60,89124506;78,70353847;19,00145891;7,249640937;1,135989034;30,72312497;0,812473994;11243,1666;-;-;317,9134;9,9384;2714,4468;7207,8364;266,5101;267,5328;1433,2781;14285,4652;23460,6226;85;134;135;152;45,06930799;5927;3107;CZ063;Kraj Vysočina
6110;Pelhřimov;45086;-73;95;14,44128998;6511;21,39910393;9648;192;1,220350636;355;393;17;13;92;72;48;0;0;61,55825984;75,03407069;22,70762952;6,980878186;1,645634884;29,81522709;0,8807405;38164,4092;-;-;1126,4336;22,2003;11549,7301;24634,9578;1359,7128;944,4629;4823,5173;50862,7732;82625,424;424;497;672;577;43,73208978;28927;3107;CZ063;Kraj Vysočina
6111;Světlá nad Sázavou;19690;-7;-62;14,21025901;2798;21,95022854;4322;89;3,604523323;459;480;19;122;56;47;18;0;0;55,29822781;73,31676758;23,20101082;6,616388146;1,832644856;36,25273919;1,120474266;11763,7247;-;-;545,637;13,0878;3722,6178;10518,9201;531,7514;391,4243;1528,355;16045,0673;29015,5181;234;241;247;309;44,26592179;12570;3107;CZ063;Kraj Vysočina
6112;Telč;12975;3;24;15,22157996;1975;21,0867052;2736;59;4,378683989;364;381;17;59;39;21;31;0;0;58,82343904;77,02402013;20,52993179;7,522376613;2,260668712;31,39351564;0,892844049;13199,9477;-;-;401,1928;17,9973;3518,3054;9146,0921;658,6164;318,5351;1873,0114;17137,4432;29133,6982;153;150;197;173;43,23603083;8264;3107;CZ063;Kraj Vysočina
6113;Třebíč;74272;4;-226;15,17126239;11268;20,39530375;15148;133;3,571428571;1730;1864;85;401;233;138;39;0;0;63,98032442;86,14280841;11,17672931;7,540884459;1,715175997;26,76361512;0,59603334;46155,7702;-;5,6844;1285,8301;144,6913;5988,5504;22413,2747;1436,3796;1172,5172;5142,6205;53580,5264;83745,3184;771;767;702;928;43,08546963;47856;3107;CZ063;Kraj Vysočina
6114;Velké Meziříčí;36390;97;58;17,01291564;6191;18,03792251;6564;96;2,763479875;655;707;33;109;177;114;21;0;0;60,86298805;78,56320375;18,15142132;8,171719982;2,302678338;28,66261363;0,78610872;22637,3299;-;-;883,1365;63,5168;5230,1802;13569,6465;1090,1494;686,4115;3182,2989;28814,1634;47342,6697;488;391;486;428;41,26663919;23635;3107;CZ063;Kraj Vysočina
6115;Žďár nad Sázavou;42627;38;-59;15,69897014;6692;20,41663734;8703;77;2,355734112;645;730;35;90;107;82;44;0;0;49,41340022;73,12232872;24,60291957;6,719017632;2,912035921;40,95554622;1,333654397;16781,6189;-;-;513,8842;8,1727;5646,385;19021,8093;1352,4955;559,3086;2561,3401;22950,0608;46445,0143;461;423;508;567;42,84173177;27232;3107;CZ063;Kraj Vysočina
6201;Blansko;57126;58;103;16,64566047;9509;20,86265448;11918;65;1,705210365;612;688;41;106;197;147;45;0;0;37,74831657;74,36071118;17,79465898;9,014716185;0,76492617;52,47204108;1,696534719;9864,0749;-;-;928,1578;112,4457;2360,4918;18439,2476;268,8034;575,4517;2592,4179;13265,1702;35141,0908;641;583;902;799;42,80504499;35699;3115;CZ064;Jihomoravský kraj
6202;Boskovice;52010;37;137;16,19688521;8424;20,16919823;10490;114;3,415440072;1137;1243;60;328;255;120;38;0;0;52,4568009;70,81885351;22,12217546;9,236531781;0,933313209;37,37335411;1,155830464;18984,1566;-;-;1375,0516;517,2215;5930,2124;19098,6509;476,9447;780,6393;3939,4427;26806,6421;51102,3197;578;541;776;639;42,44122284;33096;3115;CZ064;Jihomoravský kraj
6203;Brno;381346;590;75;15,56040971;59339;20,83593377;79457;48;3,581074979;8724;9885;265;3215;1447;173;130;0;0;33,16625814;65,62017675;4,264924695;37,08576896;1,962911811;27,78506109;0,699249026;5009,6466;-;17,2111;2061,0696;220,7835;325,5975;6395,6483;451,8289;2111,0873;6425,4257;7634,3083;23018,2985;4642;4052;10135;10060;42,90121832;242550;3115;CZ064;Jihomoravský kraj
6204;Břeclav;59715;-77;124;14,79360295;8834;20,45717156;12216;23;3,149545665;1227;1329;76;157;104;101;103;2;124;59,60010749;74,60037649;7,489041939;11,52946072;4,415682505;24,45474928;0,785989669;19512,7264;-;2971,9345;769,9666;942,8511;1958,8591;10732,3075;1937,8838;1062,4184;3997,4461;26156,3377;43886,3935;564;641;836;712;43,32399732;38665;3115;CZ064;Jihomoravský kraj
6205;Bučovice;16111;28;-1;15,55459003;2506;19,71944634;3177;26;2,618299533;275;294;11;65;32;31;4;0;0;67,78061827;93,35998287;2,469822067;9,429234688;0,934665869;21,85548117;0,375341616;10820,1129;-;4,6737;399,4698;79,1683;286,2442;3737,0239;159,8166;291,0624;1321,2231;11589,6689;17098,7949;186;158;302;303;42,6449941;10428;3115;CZ064;Jihomoravský kraj
6206;Hodonín;60685;-33;-91;14,73675538;8943;20,18291176;12248;19;4,9820018;1993;2159;81;476;199;137;36;1;i.d.;60,40994455;80,09961724;4,659400414;12,42435577;3,427976706;23,73772298;0,644399034;13841,0696;-;1544,3403;591,9755;497,2985;805,136;6790,0009;980,5475;797,6371;2756,2584;17279,8199;28604,2638;598;631;697;788;43,40533081;39494;3115;CZ064;Jihomoravský kraj
6207;Hustopeče;36311;64;139;15,92354934;5782;19,22557903;6981;29;3,369169559;796;842;56;142;182;130;53;0;0;74,95694917;76,18732066;4,353202096;11,26235446;3,496586785;10,28410959;0,462628831;20279,3059;-;3012,3564;674,159;1493,1482;1158,7219;3651,953;1241,6603;694,5147;3304,8193;26617,6914;35510,6387;420;356;621;482;42,29144061;23548;3115;CZ064;Jihomoravský kraj
6208;Ivančice;24459;-5;86;15,63023836;3823;19,64512041;4805;24;1,626118744;258;330;13;64;180;86;8;0;0;54,20961208;81,94444988;5,996511754;10,68151312;1,547936381;33,56093842;0,814773952;7664,1777;-;505,684;448,4528;173,7323;560,8474;5790,3367;267,0686;317,7445;1525,1586;9352,8942;17253,2026;234;239;528;442;42,48025267;15831;3115;CZ064;Jihomoravský kraj
6209;Kuřim;23345;58;284;18,34654102;4283;17,89248233;4177;10;2,275979557;334;375;11;100;86;76;9;0;0;50,60238986;86,3211356;3,938533866;13,04423619;0,865293279;35,48808067;0,762897551;3365,6603;-;-;333,5735;46,2019;153,5634;2734,4162;66,6723;245,4168;759,6635;3898,9991;7705,1679;235;177;766;482;40,89918612;14885;3115;CZ064;Jihomoravský kraj
6210;Kyjov;55543;-86;168;14,55268891;8083;20,78029635;11542;48;4,327016185;1564;1735;70;540;139;100;32;0;0;60,82546695;84,17721214;4,376048661;9,585790322;1,041885194;28,54685754;0,645089328;24081,6996;-;1579,1367;938,8909;756,694;1251,9147;13426,5815;490,0349;989,0551;3519,476;28608,3359;47033,4834;535;621;847;679;43,48498461;35918;3115;CZ064;Jihomoravský kraj
6211;Mikulov;20265;27;108;15,67727609;3177;19,51147298;3954;17;4,160971906;548;568;15;92;210;118;110;0;0;64,12501444;70,70723286;2,898796521;12,7456029;9,243060082;13,88632258;0,721566677;11068,4881;-;3692,629;294,1584;144,9165;453,7767;3389,8793;2256,3827;433,0482;2678,3627;15653,9687;24411,6416;223;196;423;315;42,47187269;13134;3115;CZ064;Jihomoravský kraj
6212;Moravský Krumlov;22452;36;47;14,75592375;3313;20,45252093;4592;40;3,874488404;568;593;24;115;97;57;10;0;0;70,55042449;93,52197995;1,750743386;8,501025513;0,973261027;19,97528897;0,34262106;22949,9933;-;532,0052;433,1284;194,9249;429,6268;6948,04;338,5311;516,3387;2440,588;24539,6786;34783,1764;249;213;422;375;43,03055407;14547;3115;CZ064;Jihomoravský kraj
6213;Pohořelice;14599;22;219;17,17925885;2508;17,72724159;2588;15;3,497615262;330;360;12;62;129;87;20;0;0;70,37145002;93,54548384;0,99881834;10,8368765;8,738131274;10,05354221;0,304355937;12855,2811;-;406,8815;230,4658;112,3899;137,2604;1963,276;1706,3999;298,115;1818,1321;13742,2787;19528,2017;160;138;458;239;41,03455716;9503;3115;CZ064;Jihomoravský kraj
6214;Rosice;26284;49;145;17,79789986;4678;19,32734744;5080;25;2,107302895;348;386;23;43;90;83;19;0;0;45,41821371;85,89164194;7,665857451;8,913942234;0,58740636;45,0804377;1,08662012;6805,3238;-;-;443,1072;67,3418;607,3774;7864,2256;102,4723;330,195;1224,831;7923,1502;17444,8741;320;271;608;463;41,68535991;16526;3115;CZ064;Jihomoravský kraj
6215;Slavkov u Brna;24027;93;374;18,64569027;4480;17,44287676;4191;18;2,154659617;326;341;14;73;176;96;7;0;0;70,17745254;91,1541096;2,561773578;11,22963182;1,094851331;17,49806431;0,329800252;10088,2181;-;43,3543;534,4322;117,69;283,5169;2759,5014;172,6616;340,6444;1430,3049;11067,2115;15770,3238;303;210;830;456;40,40881092;15356;3115;CZ064;Jihomoravský kraj
6216;Šlapanice;70414;252;625;19,20640782;13524;17,84304258;12564;43;1,944153895;855;928;43;175;379;245;17;0;0;50,24691144;85,52880412;4,31851155;10,88805838;0,720482082;38,14454809;0,85653993;14745,9899;0,135;125,1628;1272,9296;352,1932;744,553;13088,342;247,2153;817,2842;2918,6791;17240,9635;34312,4841;860;608;2165;1540;40,50835061;44326;3115;CZ064;Jihomoravský kraj
6217;Tišnov;31725;20;223;18,0394011;5723;19,58392435;6213;89;3,499544857;692;728;32;244;126;113;17;0;0;47,39747448;72,80351372;19,16241125;8,365283183;0,863159063;43,37408327;1,332507858;11813,8882;-;-;861,4268;442,2694;3109,5008;14849,6297;295,5127;476,6055;2387,348;16227,0852;34236,1811;335;315;630;407;41,55702128;19789;3115;CZ064;Jihomoravský kraj
6218;Veselí nad Moravou;37715;-69;-106;13,63913562;5144;21,57762164;8138;26;4,487257159;1111;1215;53;300;90;67;26;0;0;66,69830886;65,09339719;26,39813296;8,768473069;2,193661615;22,33955646;0,916271646;14882,0979;0,0176;885,8685;735,4775;323,901;6035,3218;7657,4989;751,938;632,9321;2372,7038;22862,6843;34277,7571;346;415;394;500;44,16437757;24433;3115;CZ064;Jihomoravský kraj
6219;Vyškov;52142;8;133;16,24602048;8471;19,77676345;10312;74;1,737474711;584;679;29;141;163;151;20;0;0;44,89817298;89,55603965;5,307795911;11,91750614;0,843208883;42,341112;0,918408854;21715,6016;-;2,483;1042,7116;200,2256;1287,0375;22867,0729;455,39;762,4305;5673,8313;24248,0593;54006,784;570;562;894;761;42,42161789;33359;3115;CZ064;Jihomoravský kraj
6220;Znojmo;91899;-48;212;16,00887931;14712;19,68356565;18089;130;5,388336469;3208;3339;107;666;311;263;143;0;0;66,46313845;90,43578379;2,823605722;8,510427965;2,18520526;22,84122833;0,457367169;74684,7046;-;2587,7819;1797,6277;1181,1978;2331,8221;28381,1488;2715,2058;1634,2266;8940,3239;82583,1341;124254,0392;951;999;1069;857;42,36052079;59098;3115;CZ064;Jihomoravský kraj
6221;Židlochovice;33816;114;180;18,76035013;6344;17,41187604;5888;24;2,184702444;471;495;20;68;127;118;10;0;0;80,32559415;89,794769;1,497177364;12,22220846;1,520744229;5,931453157;0,185530971;14011,3325;-;502,2435;523,3397;333,1979;233,6155;1152,2204;295,4137;453,5292;1920,7082;15603,7291;19425,6006;378;264;863;683;40,48403123;21584;3115;CZ064;Jihomoravský kraj
7101;Hranice;34146;4;1;15,31951034;5231;19,91448486;6800;52;2,097120372;469;516;21;116;71;50;18;1;i.d.;63,09639506;73,94889416;20,25074013;12,31194744;1,544160609;23,04749689;0,695747785;15628,1529;-;-;1049,7138;176,1193;4279,7349;7719,6069;517,2064;525,5201;3598,2854;21133,7209;33494,3397;322;318;495;494;42,69688983;22115;3123;CZ071;Olomoucký kraj
7102;Jeseník;37968;-119;-243;14,07501054;5344;22,12389381;8400;63;4,883072822;1209;1315;32;176;86;43;141;3;1068;32,65962333;57,83183341;37,41275942;6,536726975;1,075252316;59,72839738;2,933231673;13580,3811;0,0614;-;1101,5789;15,0499;8785,4647;42945,2057;773,1152;663,8001;4036,16;23482,536;71900,817;350;469;413;656;44,00666351;24224;3123;CZ071;Olomoucký kraj
7103;Konice;10634;-38;5;13,88000752;1476;22,31521535;2373;45;1,715864476;118;138;5;35;22;18;4;0;0;56,91834069;76,92413637;18,38370526;8,290935922;0,811085684;33,9796377;0,92031175;7799,1638;-;-;433,8949;41,8324;1863,8822;6052,7387;144,4774;227,7684;1249,0828;10138,7733;17812,8406;97;135;199;194;44,36242242;6785;3123;CZ071;Olomoucký kraj
7104;Lipník nad Bečvou;15130;-13;-24;15,3139458;2317;19,25313946;2913;21;2,889422116;289;324;19;47;50;36;4;0;0;67,52871842;76,19006637;10,33181387;12,3098296;1,596352387;18,56509959;0,568381308;6104,1053;85,7432;-;538,9109;455,1699;827,752;2202,5838;189,393;231,9077;1228,544;8011,6813;11864,1098;140;153;264;288;42,7462657;9900;3123;CZ071;Olomoucký kraj
7105;Litovel;23715;-28;9;15,79590976;3746;20,72106262;4914;60;1,798063624;273;294;6;15;54;48;14;0;0;57,88719573;84,65253514;8,236689515;8,144439929;1,266285124;32,70207922;0,749860315;12127,182;50,3152;-;638,5125;329,8502;1179,9745;8093,0604;313,3783;411,1597;1604,4138;14325,8344;24747,8466;236;264;372;363;42,85850727;15055;3123;CZ071;Olomoucký kraj
7106;Mohelnice;18362;-13;84;15,16719312;2785;20,20477072;3710;31;4,543933054;543;567;22;132;109;33;9;0;0;54,17511633;76,16428376;17,27092269;8,997037454;1,689282496;35,13856372;0,989688369;7772,0282;-;-;383,7783;286,1126;1762,3759;6618,6156;318,1892;286,048;1408,6124;10204,295;18835,7602;189;202;316;232;42,83051955;11867;3123;CZ071;Olomoucký kraj
7107;Olomouc;165165;199;431;16,75960403;27681;19,82381255;32742;105;2,477209859;2606;2798;118;318;932;318;74;1;i.d.;46,0319944;84,74190279;8,729417539;20,13733608;1,114467671;32,71620185;0,690739299;31868,0753;342,5021;3,27;1980,7911;128,6148;3282,7884;26727,646;910,4693;1698,5305;14752,7554;37606,0417;81695,4429;1804;1605;3001;2570;42,2509097;104742;3123;CZ071;Olomoucký kraj
7108;Prostějov;98012;-114;206;15,83785659;15523;20,54748398;20139;113;1,965978361;1232;1360;35;253;249;171;31;0;0;72,05323556;90,18934928;4,767715062;10,86115911;0,994539642;16,09106569;0,318469725;38922,7377;15,9151;1,8266;1774,3135;384,3089;2057,588;9637,8341;595,6851;1304,9296;5200,4226;43156,6898;59895,5612;992;1106;1359;1153;42,84819206;62350;3123;CZ071;Olomoucký kraj
7109;Přerov;80236;-241;-140;14,62809711;11737;21,85303355;17534;80;3,77387703;1950;2089;62;567;125;83;17;0;0;73,40957026;88,93825651;3,882035129;14,17472149;2,234157525;10,18155073;0,258432863;26164,7568;503,9244;0,213;1416,1385;191,9234;1142,0564;4080,2741;895,3425;959,4305;4721,1137;29419,0125;40075,1733;760;1001;1030;1170;44,02774316;50965;3123;CZ071;Olomoucký kraj
7110;Šternberk;24164;-22;-35;16,18109585;3910;20,01738123;4837;36;3,092387477;483;506;18;71;88;58;10;0;0;55,83769569;52,99410245;44,71600807;9,067997998;0,642853253;34,45145306;1,586740948;9946,4155;-;-;410,8802;18,9071;8392,7074;11580,2814;216,0844;368,079;2679,9773;18768,9102;33613,3323;256;278;468;503;42,3626883;15417;3123;CZ071;Olomoucký kraj
7111;Šumperk;68988;-132;-122;15,27222126;10536;21,95599235;15147;87;3,300713976;1447;1578;70;269;63;55;139;2;185;36,58543602;37,71024331;56,94258381;7,26494266;0,803492013;55,34612931;3,748022539;11829,878;-;-;1541,0888;136,3441;17863,1523;47456,9638;688,9604;890,397;5338,9839;31370,4632;85745,7683;664;796;736;858;43,51764075;43305;3123;CZ071;Olomoucký kraj
7112;Uničov;22428;-34;13;14,89209916;3340;20,21580168;4534;31;3,441226576;505;539;19;66;61;57;5;0;0;73,46103228;87,88152378;6,943258187;9,091296073;1,31256164;16,13511;0,357773793;13394,6245;-;-;499,0115;289,7789;1058,2695;3347,7103;272,3301;412,1855;1474,0753;15241,6844;20747,9856;212;246;365;352;43,04953629;14554;3123;CZ071;Olomoucký kraj
7113;Zábřeh;33067;-4;-107;15,66516467;5180;20,84253183;6892;44;2,726547468;581;625;24;88;74;68;14;0;0;53,1871994;62,63781324;32,98474997;8,916634458;1,15865769;36,73750845;1,367876455;8903,3736;-;-;608,0146;14,1967;4688,4707;9817,9448;309,6464;423,5418;1959,3913;14214,0556;26724,5799;337;341;398;505;42,90817129;20995;3123;CZ071;Olomoucký kraj
7201;Bystřice pod Hostýnem;15242;-67;-13;14,34851069;2187;21,61133709;3294;19;2,696152681;267;279;11;27;20;20;20;0;0;39,33812544;67,93868632;23,09176393;8,665091348;0,756804119;51,23997909;1,825585348;4381,9206;-;-;475,6439;102,8756;1489,3764;8401,2255;124,0844;227,8814;1192,8332;6449,8165;16395,841;142;209;256;269;43,94908805;9761;3131;CZ072;Zlínský kraj
7202;Holešov;21540;-33;69;15,52924791;3345;20,29247911;4371;25;2,263256215;315;346;12;16;31;31;3;0;0;73,81052834;88,63876329;5,034997106;12,28397147;1,006963388;12,89853681;0,286857017;8675,5904;-;-;529,2859;89,8999;492,8044;1710,3992;133,5275;309,902;1319,0033;9787,5806;13260,4126;198;231;346;277;43,00394615;13824;3131;CZ072;Zlínský kraj
7203;Kroměříž;68561;-92;-93;15,14126107;10381;21,28907105;14596;84;2,645646462;1168;1295;34;230;120;75;41;0;0;63,61765276;86,90799871;6,690809863;10,94803233;1,950023965;23,48429094;0,509733376;27589,0729;-;7,3221;1495,4885;529,2571;2124,0075;11718,6388;973,0601;969,7196;4493,3381;31745,1481;49899,9047;665;757;915;1008;43,48671256;43584;3131;CZ072;Zlínský kraj
7204;Luhačovice;18624;-1;-91;14,52426976;2705;21,21993127;3952;22;1,869925367;228;241;13;24;42;32;68;4;1777;41,82283512;34,649742;60,46111717;8,908402328;1,080626971;48,18813558;3,273521296;2583,999;-;-;294,3157;70,2912;4508,8782;8592,4891;192,688;269,8824;1318,5864;7457,4841;17831,13;184;185;232;323;43,87483892;11967;3131;CZ072;Zlínský kraj
7205;Otrokovice;34276;-56;40;14,27237717;4892;21,70031509;7438;11;1,813905098;401;442;18;44;50;40;13;0;0;58,15945911;74,67856032;16,76458479;17,87889826;2,880308379;21,08133425;0,631014191;4852,0261;-;0,971;439,9326;115,0536;1089,231;2355,076;321,7702;394,5078;1602,8119;6497,2143;11171,3802;301;357;686;646;43,85322091;21946;3131;CZ072;Zlínský kraj
7206;Rožnov pod Radhoštěm;35175;-14;6;15,37455579;5408;21,48969439;7559;10;2,565358749;576;641;33;106;137;66;76;0;0;32,05622845;26,74766618;65,01886441;8,471294964;0,838293518;58,63418307;4,866620755;2049,6452;-;-;582,6394;48,2826;4982,3264;14016,2311;200,3902;318,8972;1706,1268;7662,8936;23904,5389;366;380;402;396;43,51444208;22208;3131;CZ072;Zlínský kraj
7207;Uherské Hradiště;90117;-44;99;15,09925985;13607;20,64538322;18605;59;2,479253999;1449;1618;76;226;382;176;63;2;138;58,7585369;75,26705539;14,45046823;10,85273124;2,234603077;28,15412879;0,81558877;22903,4395;-;921,708;1569,0339;638,1712;4397,215;14580,3148;1157,2447;1272,6496;4347,7068;30429,5676;51787,4835;944;988;978;879;43,42408758;57905;3131;CZ072;Zlínský kraj
7208;Uherský Brod;52109;-128;-7;14,56562206;7590;20,93880136;10911;39;1,756298807;596;697;30;70;133;126;30;0;0;55,53083085;60,84176218;32,6699146;10,17897695;1,169857459;33,12033473;1,274541064;15990,1374;-;17,0262;1168,2823;519,9212;8586,1488;15675,123;553,6677;769,7634;4047,7216;26281,5159;47327,7916;484;612;564;571;43,52481337;33608;3131;CZ072;Zlínský kraj
7209;Valašské Klobouky;23102;6;-45;15,30603411;3536;18,61310709;4300;29;1,68437419;260;297;19;31;30;28;10;0;0;44,53013929;44,08065317;50,98467577;7,977407131;0,741606214;46,75084737;2,622324378;5079,0068;-;-;385,8207;182,7559;5874,4936;12096,6804;191,889;314,1337;1750,0031;11522,077;25874,7832;237;231;234;279;42,09960177;15266;3131;CZ072;Zlínský kraj
7210;Valašské Meziříčí;41831;91;109;15,98336162;6686;19,83218187;8296;37;3,057433687;823;881;31;115;100;94;15;0;0;52,27688811;60,0977164;30,52043244;12,28593185;1,593334503;33,84384553;1,288164698;7215,3251;-;-;983,4657;142,9183;3664,2797;7772,6285;365,9276;501,9572;2319,6484;12005,9888;22966,1505;470;379;675;566;42,47501853;26849;3131;CZ072;Zlínský kraj
7211;Vizovice;17153;38;36;15,93890282;2734;18,04932082;3096;18;1,810352404;206;219;7;26;35;34;12;0;0;43,92611029;39,50953271;51,55326511;9,821772932;1,271401159;44,98071562;2,679612619;2535,3198;-;-;366,6217;206,877;3308,164;6571,0454;185,7337;257,4832;1177,3387;6416,9825;14608,5835;196;158;314;278;41,81323967;11323;3131;CZ072;Zlínský kraj
7212;Vsetín;65522;-137;-48;15,15826745;9932;20,15811483;13208;36;3,059246631;1310;1452;50;272;161;100;71;0;0;30,93609302;24,29354385;71,4422428;7,637230194;0,807299582;60,61937721;5,599482389;4977,9624;-;-;801,8901;71,885;14639,1486;40151,9595;534,7244;739,0972;4319,5123;20490,8861;66236,1795;609;746;609;657;42,99009493;42382;3131;CZ072;Zlínský kraj
7213;Zlín;99303;-80;89;15,51614755;15408;21,86540185;21713;49;2,217722649;1391;1509;45;260;322;180;37;1;i.d.;44,65067378;59,72729812;29,68033515;11,67194234;0,951043515;42,72634036;1,608202359;9344,7718;-;0,0953;1309,1372;348,0206;4643,7051;14971,4378;333,2485;885,7709;3204,1127;15645,73;35040,2999;978;1058;1436;1347;43,66750753;62182;3131;CZ072;Zlínský kraj
8101;Bílovec;25622;-43;45;15,79111701;4046;19,6510811;5035;21;3,450131547;577;606;33;132;85;64;8;0;0;70,36584527;77,6430638;17,06476612;12,57235581;4,681678885;12,38012004;0,48795012;8875,1547;-;-;567,8107;37,122;1950,6242;2011,1118;760,5241;328,332;1714,0079;11430,7116;16244,6874;266;309;482;437;42,41386309;16541;3140;CZ080;Moravskoslezský kraj
8102;Bohumín;33366;-58;5;15,10219984;5039;20,02337709;6681;10;4,134650567;904;988;28;261;79;79;8;0;0;59,91171527;78,39221082;8,650750439;23,86287784;8,74302931;7,482377575;0,411851158;3425,1298;-;-;540,3702;25,7516;377,9705;545,6724;637,6088;416,6997;1323,5645;4369,2221;7292,7675;298;356;702;697;43,08859318;21646;3140;CZ080;Moravskoslezský kraj
8103;Bruntál;36418;-123;-26;15,11615135;5505;19,99560657;7282;56;5,550451052;1329;1401;44;260;65;50;59;1;i.d.;44,17487813;39,9003735;58,05822109;6,89851876;2,081580675;46,84502243;3,077561727;11101,7052;-;-;540,0012;27,9905;16153,8652;29505,3534;1311,0843;569,2203;3775,8141;27823,5621;62985,0342;315;438;622;648;42,69924213;23631;3140;CZ080;Moravskoslezský kraj
8104;Český Těšín;25687;-36;-78;15,22949352;3912;19,30937828;4960;8;4,803621825;817;872;14;315;36;34;5;0;0;60,88139039;59,78031086;24,95062955;20,6370366;1,951913857;16,52965915;0,753397878;1616,5482;-;-;399,9263;12,9717;674,702;734,1923;86,6975;197,6887;718,9396;2704,1482;4441,6663;216;252;533;611;42,69106941;16815;3140;CZ080;Moravskoslezský kraj
8105;Frenštát pod Radhoštěm;19541;-18;50;16,21206694;3168;19,70728212;3851;6;1,933285794;244;259;5;43;55;48;23;0;0;45,79223734;50,66381567;36,633272;9,789166112;1,119186476;43,29941008;2,031289501;2290,3198;-;-;572,1999;2,0508;1656,0519;4274,5298;110,4864;194,5601;771,8291;4520,6224;9872,0278;199;217;331;281;42,25809836;12522;3140;CZ080;Moravskoslezský kraj
8106;Frýdek-Místek;112433;-64;464;15,83965562;17809;19,38398869;21794;53;3,067434323;2243;2413;69;634;391;344;46;0;0;46,52581091;57,03113586;32,85578121;12,07064864;2,636711203;38,76682925;1,5903483;12742,5179;-;-;2195,5713;64,0039;7340,9967;18616,9941;1266,2278;1137,4506;4659,2369;22343,0898;48022,9992;1114;1178;1924;1460;42,39870412;72830;3140;CZ080;Moravskoslezský kraj
8107;Frýdlant nad Ostravicí;24950;-10;51;15,98396794;3988;20,99799599;5239;13;2,963243175;470;489;17;93;66;50;68;0;0;23,39450589;25,84800103;62,33726667;5,998622022;1,919192509;68,68767957;7,301763011;1919,5318;-;-;858,4208;18,9683;4629,3083;21803,8566;609,2184;342,9774;1561,1937;7426,2292;31743,4753;232;242;558;507;43,09963928;15723;3140;CZ080;Moravskoslezský kraj
8108;Havířov;86494;-284;-318;14,27035401;12343;21,33905242;18457;15;6,807266283;3841;4044;72;1626;112;94;15;0;0;51,47489937;62,98636667;17,91534775;25,43618476;5,8282596;17,26065627;0,728358893;2859,316;-;-;792,3747;74,6071;813,2814;1522,2199;513,9951;442,2956;1800,9254;4539,5792;8819,0152;768;1052;1515;1833;43,99880917;55694;3140;CZ080;Moravskoslezský kraj
8109;Hlučín;40639;-56;92;15,88621767;6456;19,43699402;7899;18;1,501660127;398;461;22;68;103;88;8;0;0;59,90424277;81,77891049;12,07364579;11,69092789;3,217127298;25,18770204;0,647990404;8098,6912;-;-;583,2691;25,5217;1195,6717;4163,9402;531,8439;449,5174;1483,1847;9903,1537;16531,6399;396;452;666;574;42,62369891;26284;3140;CZ080;Moravskoslezský kraj
8110;Jablunkov;22664;12;-51;16,52841511;3746;17,52559125;3972;12;2,278296576;344;363;21;56;57;49;38;0;0;32,43719352;26,15750966;65,81206515;7,111787125;0,956513849;59,49450551;5,411674725;1494,1525;-;-;457,1912;1,5176;3759,2746;10476,8836;168,4405;235,6935;1016,6804;5712,1359;17609,8339;239;227;247;298;41,37424991;14946;3140;CZ080;Moravskoslezský kraj
8111;Karviná;63614;-270;-432;13,57248404;8634;21,06926148;13403;16;7,642588252;3228;3401;52;1383;77;59;11;1;i.d.;40,17596171;70,27683892;13,63142936;36,51005643;8,102148154;15,2118337;0,544533877;2982,1368;-;-;674,1671;8,6716;578,4379;1606,6846;855,7546;453,6538;3402,5641;4243,4134;10562,0705;597;867;938;1370;44,20847612;41577;3140;CZ080;Moravskoslezský kraj
8112;Kopřivnice;40755;42;-50;15,8410011;6456;19,40130045;7907;16;3,371883448;898;958;33;230;101;76;25;0;0;64,70492046;70,97597933;18,87392603;18,87098524;1,748593758;14,67550054;0,543306662;5570,6408;-;-;781,6478;14,9954;1481,3443;1780,1204;212,1023;417,1721;1871,8555;7848,6283;12129,8786;452;410;614;664;42,36158754;26392;3140;CZ080;Moravskoslezský kraj
8113;Kravaře;21356;-18;59;16,42161453;3507;17,11931073;3656;14;2,953171143;420;445;8;74;52;46;6;0;0;77,2688275;88,02183746;8,470764879;10,94515798;1,239349727;10,54666479;0,266486492;6842,5593;-;-;271,9063;0,7485;658,4924;1061,0576;124,686;270,4845;830,6639;7773,7065;10060,5985;186;204;310;251;41,47813261;14193;3140;CZ080;Moravskoslezský kraj
8114;Krnov;39938;-128;-47;14,46492063;5777;21,69863288;8666;63;6,181973118;1596;1670;34;463;58;32;28;0;0;49,03964712;57,61229489;38,22598844;7,737034038;1,074634642;42,1486842;1,778557306;16229,8571;-;-;1120,6862;51,7036;10768,5752;24212,3089;617,3238;628,0159;3816,5228;28170,8221;57444,9935;385;513;587;634;43,51953027;25495;3140;CZ080;Moravskoslezský kraj
8115;Nový Jičín;48731;-19;-157;16,57671708;8078;19,68562106;9593;35;2,734809262;861;927;13;134;92;78;23;0;0;68,0782423;74,86279736;18,6364877;10,82132371;1,803552801;19,29688119;0,618473901;14033,7901;-;-;1163,8224;54,8025;3493,5985;5313,586;496,626;578,1463;2401,6116;18746,0135;27535,9834;527;546;599;756;42,04296033;31060;3140;CZ080;Moravskoslezský kraj
8116;Odry;16928;25;22;15,68407372;2655;19,71880907;3338;32;2,725955443;301;327;6;58;17;15;12;0;0;60,18973983;76,84695951;18,91876419;7,556586676;1,22894618;31,02472731;0,858370891;10361,6136;-;0,0783;539,5875;31,2603;2550,9002;6950,0225;275,3031;270,137;1422,6562;13483,4399;22401,5587;201;176;312;290;42,15908554;10935;3140;CZ080;Moravskoslezský kraj
8117;Opava;100967;-22;-17;15,64174433;15793;20,16500441;20360;89;2,438875025;1593;1716;48;291;235;172;33;0;0;63,25159003;83,93959379;11,66133682;9,130321037;1,440235546;26,17785339;0,607111177;30105,9211;-;-;1462,7075;115,0704;4182,4754;14843,887;816,671;1219,8141;3957,4421;35866,1744;56703,9886;1064;1086;1206;1223;42,80473323;64814;3140;CZ080;Moravskoslezský kraj
8118;Orlová;37163;-18;-74;15,02838845;5585;18,22242553;6772;6;7,710364034;1938;2023;38;907;92;91;1;0;0;42,91770135;53,18175263;11,45592838;35,24427896;4,578325906;17,25969378;0,722099182;1028,8728;-;-;574,1441;109,9877;221,6304;778,0288;206,3808;254,5403;1334,1938;1934,635;4507,7787;407;425;968;1042;42,44572559;24806;3140;CZ080;Moravskoslezský kraj
8119;Ostrava;320145;-411;-717;15,20467288;48677;20,18897687;64634;55;4,816828535;10073;11219;225;3875;501;296;74;1;i.d.;46,31637055;66,06872506;16,93382691;33,88080887;3,514938014;16,28788257;0,550833747;10144,9338;-;-;2546,7174;63,2616;2600,2099;5399,8712;1165,2965;2225,8704;9006,5291;15355,1227;33152,6899;3376;3787;4901;5618;42,90979244;206834;3140;CZ080;Moravskoslezský kraj
8120;Rýmařov;15241;-63;-34;13,92297093;2122;23,10215865;3521;33;4,011490715;391;458;12;120;16;11;78;0;0;43,30737468;12,38419223;85,9104416;5,352963169;0,487766023;50,85189612;8,331638471;1782,4368;-;-;243,2388;2,2118;12364,9512;16900,1963;162,1049;258,4114;1520,6005;14392,8386;33234,1517;132;195;258;292;44,38681845;9598;3140;CZ080;Moravskoslezský kraj
8121;Třinec;54613;-125;196;15,46335122;8445;20,26257484;11066;24;2,438747731;860;959;28;175;133;125;27;0;0;41,33526987;45,96725613;41,76129944;11,45760185;1,37647118;45,8306571;2,283178274;4458,7856;-;-;1123,5087;66,8112;4050,8113;10754,8242;323,0088;578,6252;2110,0662;9699,9168;23466,4412;544;669;842;646;42,9792998;35102;3140;CZ080;Moravskoslezský kraj
8122;Vítkov;13274;-19;-37;15,69233087;2083;20,66445683;2743;28;6,185085774;530;552;13;178;19;17;17;0;0;52,26587624;64,68735616;33,0862619;6,785626592;1,492697407;39,45579976;1,463355123;9564,8168;-;-;324,7943;4,4035;4892,2085;11162,2018;422,29;259,1473;1660,5333;14786,2231;28290,3955;142;161;214;251;42,94523128;8448;3140;CZ080;Moravskoslezský kraj
554782;Praha;1324277;2755;12890;15,92166896;210847;18,96627367;251166;112;1,897256412;16219;17866;385;3148;6002;735;817;0;0;39,53333879;71,79401006;4,915189846;47,68285665;2,205151484;10,57865308;0,314657729;14083,6295;-;12,2056;3965,191;591,4943;964,199;5249,2017;1094,2116;5065,6215;18594,9457;19616,7194;49620,6999;14933;12178;42328;29438;41,93880019;862264;;CZ010;Hlavní město Praha
