nazev;okres;obec;pocetMist;lon;lat
Kontaktní pracoviště Aš;CH;Aš;0;12,19499167;50,22386944
Kontaktní pracoviště Benešov;BN;Benešov;2306;14,68696745;49,78162471
Kontaktní pracoviště Benešov (Vlašim);BN;Vlašim;0;14,89880539;49,70632494
Kontaktní pracoviště Benešov (Votice);BN;Votice;0;14,63808508;49,64012654
Kontaktní pracoviště Beroun;BE;Beroun;3925;14,07199649;49,96382341
Kontaktní pracoviště Bílovec;NJ;Bílovec;0;18,01581136;49,75638819
Kontaktní pracoviště Blansko;BK;Blansko;525;16,64315015;49,36313454
Kontaktní pracoviště Blatná;ST;Blatná;0;13,88175931;49,42488579
Kontaktní pracoviště Bohumín;KA;Bohumín;0;18,3575462;49,90410622
Kontaktní pracoviště Boskovice;BK;Boskovice;0;16,6599706;49,48751211
Kontaktní pracoviště Boskovice (Letovice);BK;Letovice;0;16,57357317;49,54708981
Kontaktní pracoviště Brno-město;BM;Brno-město;14858;16,58877278;49,20676299
Kontaktní pracoviště Brno-venkov;BO;Brno-venkov;6478;16,49693452;49,17913777
Kontaktní pracoviště Broumov;NA;Broumov;0;16,33180968;50,58566108
Kontaktní pracoviště Bruntál;BR;Bruntál;856;17,46470194;49,98844485
Kontaktní pracoviště Bruntál (Vrbno pod Pradědem);BR;Vrbno pod Pradědem;0;17,38315686;50,12095134
Kontaktní pracoviště Břeclav;BV;Břeclav;1247;16,88203001;48,75896859
Kontaktní pracoviště Bučovice;VY;Bučovice;0;17,00295222;49,15073806
Kontaktní pracoviště Bystřice nad Pernštejnem;ZR;Bystřice nad Pernštejnem;0;16,26146657;49,52294608
Kontaktní pracoviště Bystřice pod Hostýnem;KM;Bystřice pod Hostýnem;0;17,6740122;49,39923745
Kontaktní pracoviště Čáslav;KH;Čáslav;0;15,38971825;49,91099126
Kontaktní pracoviště Česká Lípa;CL;Česká Lípa;1610;14,537005;50,6865656
Kontaktní pracoviště Česká Lípa (Doksy);CL;Doksy;0;14,65552504;50,56471292
Kontaktní pracoviště Česká Třebová;UO;Česká Třebová;0;16,44727958;49,90188395
Kontaktní pracoviště České Budějovice;CB;České Budějovice;4075;14,474342;48,974469
Kontaktní pracoviště České Budějovice (Nové Hrady);CB;Nové Hrady;0;14,77838511;48,78962999
Kontaktní pracoviště České Budějovice (Trhové Sviny);CB;Trhové Sviny;0;14,63924027;48,8423138
Kontaktní pracoviště České Budějovice (Týn nad Vltavou);CB;Týn nad Vltavou;0;14,42056752;49,22339641
Kontaktní pracoviště Český Krumlov;CK;Český Krumlov;3833;14,31520763;48,81090725
Kontaktní pracoviště Český Těšín;KA;Český Těšín;0;18,6261313;49,74613297
Kontaktní pracoviště Dačice;JH;Dačice;0;15,43726647;49,08154307
Kontaktní pracoviště Děčín;DC;Děčín;581;14,21478126;50,78215252
Kontaktní pracoviště Dobruška;RK;Dobruška;0;16,16001314;50,29201323
Kontaktní pracoviště Dobříš;PB;Dobříš;0;14,16716673;49,7811328
Kontaktní pracoviště Domažlice;DO;Domažlice;2797;12,92976101;49,44049194
Kontaktní pracoviště Dvůr Králové nad Labem;TU;Dvůr Králové nad Labem;0;15,81402115;50,43172196
Kontaktní pracoviště Frenštát pod Radhoštěm;NJ;Frenštát pod Radhoštěm;0;18,21078;49,54834623
Kontaktní pracoviště Frýdek-Místek;FM;Frýdek-Místek;1460;18,34837676;49,68536622
Kontaktní pracoviště Frýdlant;LB;Frýdlant;0;15,0797406;50,92139437
Kontaktní pracoviště Frýdlant (Nové Město pod Smrkem);LB;Nové Město pod Smrkem;0;15,22942842;50,92490969
Kontaktní pracoviště Frýdlant nad Ostravicí;FM;Frýdlant nad Ostravicí;0;18,35966511;49,59280301
Kontaktní pracoviště Hanušovice;SU;Hanušovice;0;16,93640962;50,08048561
Kontaktní pracoviště Havířov;KA;Havířov;0;18,43687986;49,77984479
Kontaktní pracoviště Havlíčkův Brod;HB;Havlíčkův Brod;1296;15,58068643;49,60784932
Kontaktní pracoviště Hlinsko;CR;Hlinsko;0;15,90755663;49,76213095
Kontaktní pracoviště Hlučín;OP;Hlučín;89;18,19195558;49,89795224
Kontaktní pracoviště Hodonín;HO;Hodonín;1643;17,12402333;48,85761528
Kontaktní pracoviště Holešov;KM;Holešov;0;17,57832095;49,33331034
Kontaktní pracoviště Holice;PA;Holice;0;15,98589977;50,06601137
Kontaktní pracoviště Hořovice;BE;Hořovice;0;13,90268092;49,83597162
Kontaktní pracoviště Hradec Králové;HK;Hradec Králové;4171;15,83276847;50,20922841
Kontaktní pracoviště Hranice;PR;Hranice;71;17,73469167;49,54796389
Kontaktní pracoviště Humpolec;PE;Humpolec;0;15,35931926;49,54152198
Kontaktní pracoviště Hustopeče;BV;Hustopeče;115;16,73762112;48,94084664
Kontaktní pracoviště Cheb;CH;Cheb;1841;12,37392181;50,07963461
Kontaktní pracoviště Chomutov;CV;Chomutov;5346;13,41778558;50,46047542
Kontaktní pracoviště Chotěboř;HB;Chotěboř;0;15,67018171;49,72071788
Kontaktní pracoviště Chrudim;CR;Chrudim;2651;15,79557574;49,95109228
Kontaktní pracoviště Ivančice;BO;Ivančice;0;16,37751824;49,10144459
Kontaktní pracoviště Jablonec nad Nisou;JN;Jablonec nad Nisou;1368;15,17107709;50,72430762
Kontaktní pracoviště Jablonec nad Nisou (Železný Brod);JN;Železný Brod;0;15,25407751;50,64273995
Kontaktní pracoviště Jablunkov;FM;Jablunkov;0;18,76458245;49,57671619
Kontaktní pracoviště Jaroměř;NA;Jaroměř;0;15,92136451;50,35619571
Kontaktní pracoviště Javorník;JE;Javorník;0;17,00271692;50,390772
Kontaktní pracoviště Jeseník;JE;Jeseník;298;17,20464307;50,22937015
Kontaktní pracoviště Jeseník (Vidnava);JE;Vidnava;0;17,18625534;50,37233919
Kontaktní pracoviště Jeseník (Zlaté Hory);JE;Zlaté Hory;0;17,3960176;50,2637981
Kontaktní pracoviště Jičín;JC;Jičín;1678;15,3516249;50,43722624
Kontaktní pracoviště Jičín (Hořice);JC;Hořice;0;15,63183396;50,36609035
Kontaktní pracoviště Jičín (Nová Paka);JC;Nová Paka;0;15,5158558;50,4945183
Kontaktní pracoviště Jihlava;JI;Jihlava;2652;15,59124485;49,39610008
Kontaktní pracoviště Jihlava (Polná);JI;Polná;0;15,71881008;49,48699746
Kontaktní pracoviště Jilemnice;SM;Jilemnice;0;15,50652933;50,60889644
Kontaktní pracoviště Jindřichův Hradec;JH;Jindřichův Hradec;1358;15,0030077;49,14404472
Kontaktní pracoviště Jirkov;CV;Jirkov;0;13,44768971;50,49979298
Kontaktní pracoviště Kadaň;CV;Kadaň;0;13,27130767;50,37598332
Kontaktní pracoviště Kadaň (Vejprty);CV;Vejprty;0;13,03212012;50,49231545
Kontaktní pracoviště Kaplice;CK;Kaplice;0;14,49627635;48,73848568
Kontaktní pracoviště Karlovy Vary;KV;Karlovy Vary;1894;12,860444;50,233939
Kontaktní pracoviště Karlovy Vary (Nejdek);KV;Nejdek;0;12,72935635;50,32241724
Kontaktní pracoviště Karlovy Vary (Toužim);KV;Toužim;0;12,98505728;50,06049374
Kontaktní pracoviště Karolinka;VS;Karolinka;0;18,24006224;49,35127692
Kontaktní pracoviště Karviná;KA;Karviná;1666;18,54168982;49,85400309
Kontaktní pracoviště Kladno;KL;Kladno;3778;14,10285089;50,14733556
Kontaktní pracoviště Klášterec nad Ohří;CV;Klášterec nad Ohří;0;13,1801;50,3919
Kontaktní pracoviště Klatovy;KT;Klatovy;2254;13,29505491;49,39552009
Kontaktní pracoviště Klatovy (Horažďovice);KT;Horažďovice;0;13,70100184;49,32068591
Kontaktní pracoviště Kojetín;PR;Kojetín;30;17,30206713;49,35179338
Kontaktní pracoviště Kolín;KO;Kolín;3120;15,20056781;50,02813618
Kontaktní pracoviště Kolín (Český Brod);KO;Český Brod;0;14,86081211;50,0742018
Kontaktní pracoviště Konice;PV;Konice;0;16,88974139;49,59079056
Kontaktní pracoviště Kopřivnice;NJ;Kopřivnice;0;18,14480057;49,59947132
Kontaktní pracoviště Kostelec nad Orlicí;RK;Kostelec nad Orlicí;0;16,2131855;50,12266737
Kontaktní pracoviště Králíky;UO;Králíky;0;16,76054146;50,08384159
Kontaktní pracoviště Kralupy nad Vltavou;ME;Kralupy nad Vltavou;0;14,31149458;50,24107089
Kontaktní pracoviště Kraslice;SO;Kraslice;1;12,5174685;50,32372233
Kontaktní pracoviště Kravaře;OP;Kravaře;0;18,00472026;49,93203265
Kontaktní pracoviště Krnov;BR;Krnov;0;17,70384692;50,08966852
Kontaktní pracoviště Krnov (Město Albrechtice);BR;Město Albrechtice;0;17,57480746;50,16293955
Kontaktní pracoviště Krnov (Osoblaha);BR;Osoblaha;0;17,71523254;50,27517148
Kontaktní pracoviště Kroměříž;KM;Kroměříž;1052;17,39311626;49,29785144
Kontaktní pracoviště Kutná Hora;KH;Kutná Hora;2147;15,26816465;49,94838848
Kontaktní pracoviště Kutná Hora (Uhlířské Janovice);KH;Uhlířské Janovice;0;15,06481434;49,88018894
Kontaktní pracoviště Kutná Hora (Zruč nad Sázavou);KH;Zruč nad Sázavou;0;15,10605909;49,74010307
Kontaktní pracoviště Kyjov;HO;Kyjov;0;17,12252801;49,01017714
Kontaktní pracoviště Lanškroun;UO;Lanškroun;0;16,611899;49,91216743
Kontaktní pracoviště Liberec;LB;Liberec;5663;15,0584491;50,76999731
Kontaktní pracoviště Liberec (Český Dub);LB;Český Dub;0;14,99567074;50,65957985
Kontaktní pracoviště Liberec (Hrádek nad Nisou);LB;Hrádek nad Nisou;0;14,84454732;50,85278969
Kontaktní pracoviště Lipník nad Bečvou;PR;Lipník nad Bečvou;2;17,58630764;49,52754609
Kontaktní pracoviště Litoměřice;LT;Litoměřice;1506;14,13180212;50,5334782
Kontaktní pracoviště Litoměřice (Libochovice);LT;Libochovice;0;14,04438762;50,40626371
Kontaktní pracoviště Litomyšl;SY;Litomyšl;0;16,31052234;49,87203228
Kontaktní pracoviště Litovel;OL;Litovel;0;17,07614851;49,70121058
Kontaktní pracoviště Litvínov;MO;Litvínov;0;13,61111077;50,60068644
Kontaktní pracoviště Louny;LN;Louny;1498;13,7966747;50,35698861
Kontaktní pracoviště Lovosice;LT;Lovosice;0;14,05103009;50,51503824
Kontaktní pracoviště Mariánské Lázně;CH;Mariánské Lázně;0;12,70118286;49,96458666
Kontaktní pracoviště Mělník;ME;Mělník;2641;14,47410743;50,35049684
Kontaktní pracoviště Mikulov;BV;Mikulov;0;16,63779515;48,80555884
Kontaktní pracoviště Milevsko;PI;Milevsko;0;14,36000495;49,45089226
Kontaktní pracoviště Mimoň;CL;Mimoň;0;14,7247361;50,65868863
Kontaktní pracoviště Mirovice;PI;Mirovice;0;14,03581912;49,51555077
Kontaktní pracoviště Mladá Boleslav;MB;Mladá Boleslav;8651;14,90318496;50,41135132
Kontaktní pracoviště Mladá Boleslav (Mnichovo Hradiště);MB;Mnichovo Hradiště;0;14,97433028;50,52304639
Kontaktní pracoviště Mohelnice;SU;Mohelnice;0;16,91946158;49,77698356
Kontaktní pracoviště Moravská Třebová;SY;Moravská Třebová;0;16,66425736;49,75792973
Kontaktní pracoviště Moravské Budějovice;TR;Moravské Budějovice;0;15,80864348;49,05208911
Kontaktní pracoviště Moravské Budějovice (Jemnice);TR;Jemnice;0;15,56993624;49,01898462
Kontaktní pracoviště Moravský Krumlov;ZN;Moravský Krumlov;0;16,31169434;49,04893092
Kontaktní pracoviště Most;MO;Most;1430;13,63617407;50,50300691
Kontaktní pracoviště Náchod;NA;Náchod;1815;16,16288826;50,41670458
Kontaktní pracoviště Náchod (Nové Město nad Metují);NA;Nové Město nad Metují;0;16,15154639;50,34395222
Kontaktní pracoviště Neratovice;ME;Neratovice;0;14,51759446;50,25925851
Kontaktní pracoviště Nové Město na Moravě;ZR;Nové Město na Moravě;0;16,07418323;49,56144308
Kontaktní pracoviště Nový Bor;CL;Nový Bor;0;14,55555253;50,75761074
Kontaktní pracoviště Nový Bydžov;HK;Nový Bydžov;0;15,49082056;50,24150237
Kontaktní pracoviště Nový Bydžov (Chlumec nad Cidlinou);HK;Chlumec nad Cidlinou;0;15,46026208;50,15440316
Kontaktní pracoviště Nový Jičín;NJ;Nový Jičín;2171;18,00909972;49,59341361
Kontaktní pracoviště Nymburk;NB;Nymburk;4205;15,0416719;50,18605449
Kontaktní pracoviště Nymburk (Městec Králové);NB;Městec Králové;0;15,29758125;50,20718078
Kontaktní pracoviště Nymburk (Milovice);NB;Milovice;0;14,88863222;50,22596015
Kontaktní pracoviště Odry;NJ;Odry;0;17,83084163;49,66254975
Kontaktní pracoviště Olomouc;OL;Olomouc;2789;17,25087057;49,59386869
Kontaktní pracoviště Opava;OP;Opava;1407;17,90256996;49,9386635
Kontaktní pracoviště Orlová;KA;Orlová;0;18,43011001;49,84526588
Kontaktní pracoviště Ostrava;OT;Ostrava;5431;18,28204408;49,8346452
Kontaktní pracoviště Ostrava (Jih);OT;Ostrava - Jih;0;18,2343153;49,79697002
Kontaktní pracoviště Ostrava (Poruba);OT;Poruba;0;18,16780278;49,8324
Kontaktní pracoviště Ostrava (Vítkovice);OT;Vítkovice;0;18,26361111;49,80645833
Kontaktní pracoviště Ostrov;KV;Ostrov;0;12,93906667;50,305925
Kontaktní pracoviště Otrokovice;ZL;Otrokovice;4;17,53076727;49,20991617
Kontaktní pracoviště Pardubice;PA;Pardubice;10670;15,77742389;50,03757917
Kontaktní pracoviště Pelhřimov;PE;Pelhřimov;2672;15,22335711;49,43133735
Kontaktní pracoviště Písek;PI;Písek;1838;14,14750286;49,30879533
Kontaktní pracoviště Plzeň;PM;Plzeň;7329;13,37834889;49,74778306
Kontaktní pracoviště Podbořany;LN;Podbořany;0;13,41191713;50,22936743
Kontaktní pracoviště Pohořelice;BO;Pohořelice;0;16,5244532;48,9811872
Kontaktní pracoviště Polička;SY;Polička;0;16,2686425;49,71526583
Kontaktní pracoviště Praha 10;AB;Praha 10;7524;14,473661;50,063639
Kontaktní pracoviště Praha 2;AB;Praha 2;16916;14,4235978;50,07054535
Kontaktní pracoviště Praha 3;AB;Praha 3;8421;14,46623704;50,08883314
Kontaktní pracoviště Praha 4;AB;Praha 4;10718;14,43609972;50,04064361
Kontaktní pracoviště Praha 5;AB;Praha 5;9488;14,37969056;50,0552925
Kontaktní pracoviště Praha 6;AB;Praha 6;3398;14,32570139;50,09026333
Kontaktní pracoviště Praha 8;AB;Praha 8;8482;14,45457;50,12439917
Kontaktní pracoviště Praha 9;AB;Praha 9;8760;14,51020694;50,1069575
Kontaktní pracoviště Prachatice;PT;Prachatice;2043;13,99752129;49,01292338
Kontaktní pracoviště pro Plzeň-jih;PJ;Plzeň-jih;4163;13,45550645;49,56484766
Kontaktní pracoviště pro Plzeň-jih (Nepomuk);PJ;Nepomuk;0;13,5822543;49,48616148
Kontaktní pracoviště pro Plzeň-jih (Přeštice);PJ;Přeštice;0;13,33349895;49,57298122
Kontaktní pracoviště pro Plzeň-sever;PS;Plzeň-sever;2465;13,28394794;49,89620098
Kontaktní pracoviště pro Plzeň-sever (Kralovice);PS;Kralovice;0;13,48747297;49,98191633
Kontaktní pracoviště pro Plzeň-sever (Manětín);PS;Manětín;0;13,23319236;49,99177456
Kontaktní pracoviště pro Plzeň-sever (Nýřany);PS;Nýřany;0;13,2118492;49,71145423
Kontaktní pracoviště pro Prahu-východ;PY;Praha-východ;15765;14,67618243;50,06331981
Kontaktní pracoviště pro Prahu-západ;PZ;Praha-západ;4343;14,34115509;49,97107107
Kontaktní pracoviště Prostějov;PV;Prostějov;1521;17,1118397;49,47187836
Kontaktní pracoviště Přelouč;PA;Přelouč;0;15,56030757;50,03984789
Kontaktní pracoviště Přerov;PR;Přerov;1050;17,44899806;49,45483806
Kontaktní pracoviště Příbram;PB;Příbram;3547;14,01042523;49,68987739
Kontaktní pracoviště Příbram (Březnice);PB;Březnice;0;13,95062853;49,55763216
Kontaktní pracoviště Příbram (Rožmitál pod Třemšínem);PB;Rožmitál pod Třemšínem;0;13,86430054;49,60195522
Kontaktní pracoviště Rakovník;RA;Rakovník;1004;13,73339948;50,10370051
Kontaktní pracoviště Rokycany;RO;Rokycany;2107;13,59458576;49,74269678
Kontaktní pracoviště Rosice;BO;Rosice;0;16,38919306;49,18154222
Kontaktní pracoviště Roudnice nad Labem;LT;Roudnice nad Labem;0;14,26174999;50,42528249
Kontaktní pracoviště Rožnov pod Radhoštěm;VS;Rožnov pod Radhoštěm;0;18,142237;49,458072
Kontaktní pracoviště Rumburk;DC;Rumburk;348;14,55698906;50,95150666
Kontaktní pracoviště Rychnov nad Kněžnou;RK;Rychnov nad Kněžnou;1967;16,27488396;50,16283888
Kontaktní pracoviště Rýmařov;BR;Rýmařov;0;17,27176714;49,93182934
Kontaktní pracoviště Sedlčany;PB;Sedlčany;0;14,42663846;49,66057206
Kontaktní pracoviště Semily;SM;Semily;1534;15,33552107;50,60190541
Kontaktní pracoviště Skuteč;CR;Skuteč;0;15,99654933;49,8434681
Kontaktní pracoviště Slaný;KL;Slaný;0;14,08693436;50,23045773
Kontaktní pracoviště Slavičín;ZL;Slavičín;0;17,87348795;49,08798588
Kontaktní pracoviště Slavkov u Brna;VY;Slavkov u Brna;0;16,87649206;49,15325412
Kontaktní pracoviště Soběslav;TA;Soběslav;0;14,7186148;49,25993435
Kontaktní pracoviště Sokolov;SO;Sokolov;690;12,64092917;50,18055333
Kontaktní pracoviště Sokolov (Horní Slavkov);SO;Horní Slavkov;0;12,80758106;50,13863097
Kontaktní pracoviště Sokolov (Chodov);SO;Chodov;0;12,75332127;50,24133562
Kontaktní pracoviště Strakonice;ST;Strakonice;1149;13,90237131;49,26140656
Kontaktní pracoviště Stříbro;TC;Stříbro;0;13,0040918;49,75293756
Kontaktní pracoviště Sušice;KT;Sušice;0;13,52018331;49,23106096
Kontaktní pracoviště Světlá nad Sázavou;HB;Světlá nad Sázavou;0;15,40393401;49,66800815
Kontaktní pracoviště Světlá nad Sázavou (Ledeč nad Sázavou);HB;Ledeč nad Sázavou;0;15,27772261;49,69516707
Kontaktní pracoviště Svitavy;SY;Svitavy;2685;16,46829143;49,75593714
Kontaktní pracoviště Šternberk;OL;Šternberk;0;17,2988883;49,7304436
Kontaktní pracoviště Štětí;LT;Štětí;0;14,37421242;50,45298394
Kontaktní pracoviště Štětí (Úštěk);LT;Úštěk;0;14,34332421;50,5847441
Kontaktní pracoviště Šumperk;SU;Šumperk;1206;16,97060803;49,96528376
Kontaktní pracoviště Tábor;TA;Tábor;3368;14,65780339;49,41441246
Kontaktní pracoviště Tachov;TC;Tachov;3978;12,63365189;49,79527862
Kontaktní pracoviště Tanvald;JN;Tanvald;0;15,30585351;50,7373535
Kontaktní pracoviště Telč;JI;Telč;12;15,45275307;49,18417507
Kontaktní pracoviště Telč (Třešť);JI;Třešť;1;15,48211358;49,2909174
Kontaktní pracoviště Teplice;TP;Teplice;2134;13,82450731;50,64039751
Kontaktní pracoviště Tišnov;BO;Tišnov;14;16,42438044;49,34871806
Kontaktní pracoviště Trutnov;TU;Trutnov;1449;15,91270371;50,56100669
Kontaktní pracoviště Třebíč;TR;Třebíč;1607;15,88165735;49,2149228
Kontaktní pracoviště Třebíč (Náměšť nad Oslavou);TR;Náměšť nad Oslavou;0;16,1584861;49,20726329
Kontaktní pracoviště Třeboň;JH;Třeboň;0;14,77064948;49,00363778
Kontaktní pracoviště Třemošnice;CR;Třemošnice;0;15,58002377;49,86911871
Kontaktní pracoviště Třinec;FM;Třinec;312;18,6707797;49,6776323
Kontaktní pracoviště Turnov;SM;Turnov;0;15,15680108;50,58728478
Kontaktní pracoviště Uherské Hradiště;UH;Uherské Hradiště;2571;17,45968553;49,06974979
Kontaktní pracoviště Uherský Brod;UH;Uherský Brod;0;17,64715055;49,02512995
Kontaktní pracoviště Uničov;OL;Uničov;0;17,12143634;49,77091536
Kontaktní pracoviště Ústí nad Labem;UL;Ústí nad Labem;733;14,04069272;50,66048752
Kontaktní pracoviště Ústí nad Orlicí;UO;Ústí nad Orlicí;3564;16,39361064;49,97387453
Kontaktní pracoviště Valašské Klobouky;ZL;Valašské Klobouky;0;18,00760008;49,14063605
Kontaktní pracoviště Valašské Meziříčí;VS;Valašské Meziříčí;0;17,97112732;49,47180527
Kontaktní pracoviště Varnsdorf;DC;Varnsdorf;0;14,6182351;50,91154401
Kontaktní pracoviště Velké Meziříčí;ZR;Velké Meziříčí;0;16,01224276;49,35521713
Kontaktní pracoviště Velké Meziříčí (Velká Bíteš);ZR;Velká Bíteš;0;16,22585239;49,2886264
Kontaktní pracoviště Veselí nad Moravou;HO;Veselí nad Moravou;0;17,37648262;48,95363281
Kontaktní pracoviště Vimperk;PT;Vimperk;0;13,77425739;49,05243278
Kontaktní pracoviště Vítkov;OP;Vítkov;55;17,74941015;49,77445141
Kontaktní pracoviště Vodňany;ST;Vodňany;0;14,17512921;49,14789081
Kontaktní pracoviště Volary;PT;Volary;0;13,88657486;48,90880978
Kontaktní pracoviště Vrchlabí;TU;Vrchlabí;0;15,60937419;50,62696796
Kontaktní pracoviště Vsetín;VS;Vsetín;2328;17,99619027;49,33870886
Kontaktní pracoviště Vysoké Mýto;UO;Vysoké Mýto;0;16,16169284;49,9532047
Kontaktní pracoviště Vyškov;VY;Vyškov;1812;16,99897445;49,27746931
Kontaktní pracoviště Zábřeh;SU;Zábřeh;0;16,87222699;49,88260171
Kontaktní pracoviště Zlín;ZL;Zlín;4130;17,66633385;49,22665421
Kontaktní pracoviště Znojmo;ZN;Znojmo;1572;16,04879762;48,85549874
Kontaktní pracoviště Znojmo (Hrušovany nad Jevišovkou);ZN;Hrušovany nad Jevišovkou;0;16,4027074;48,82990854
Kontaktní pracoviště Znojmo (Vranov nad Dyjí);ZN;Vranov nad Dyjí;0;15,81269823;48,89469836
Kontaktní pracoviště Žamberk;UO;Žamberk;0;16,46737961;50,08601284
Kontaktní pracoviště Žatec;LN;Žatec;0;13,54577306;50,32716901
Kontaktní pracoviště Žďár nad Sázavou;ZR;Žďár nad Sázavou;1165;15,93924059;49,5626335
Kontaktní pracoviště Židlochovice;BO;Židlochovice;0;16,61880645;49,03952422
